timestamp,open,high,low,close,volume
2022-11-24 00:00:00+00:00,0.31834,0.32111,0.31153,0.31625,16147416.0
2022-11-25 00:00:00+00:00,0.31625,0.31722,0.30729,0.31456,14949358.0
2022-11-26 00:00:00+00:00,0.31456,0.32276,0.3108,0.31362,16674708.0
2022-11-27 00:00:00+00:00,0.31362,0.31954,0.31135,0.31242,9083876.0
2022-11-28 00:00:00+00:00,0.31242,0.31374,0.29964,0.30638,28308858.0
2022-11-29 00:00:00+00:00,0.30638,0.31263,0.30412,0.3093,23399219.0
2022-11-30 00:00:00+00:00,0.3093,0.32068,0.30823,0.31863,38158261.0
2022-12-01 00:00:00+00:00,0.31863,0.31996,0.3124,0.3144,19737393.0
2022-12-02 00:00:00+00:00,0.3144,0.32011,0.31041,0.31914,15735699.0
2022-12-03 00:00:00+00:00,0.31914,0.32646,0.31641,0.31948,34502250.0
2022-12-04 00:00:00+00:00,0.31948,0.32413,0.3181,0.32219,18911291.0
2022-12-05 00:00:00+00:00,0.32219,0.32875,0.31611,0.31935,24667193.0
2022-12-06 00:00:00+00:00,0.31935,0.32095,0.31367,0.31817,8867102.0
2022-12-07 00:00:00+00:00,0.31817,0.31974,0.3067,0.3101,14757921.0
2022-12-08 00:00:00+00:00,0.3101,0.31569,0.30725,0.31437,12660996.0
2022-12-09 00:00:00+00:00,0.31437,0.31651,0.30872,0.31179,13058544.0
2022-12-10 00:00:00+00:00,0.31179,0.3147,0.31044,0.31234,7269167.0
2022-12-11 00:00:00+00:00,0.31234,0.31484,0.30469,0.30726,8675621.0
2022-12-12 00:00:00+00:00,0.30726,0.3077,0.29997,0.30675,15872423.0
2022-12-13 00:00:00+00:00,0.30675,0.31856,0.29885,0.31414,22225728.0
2022-12-14 00:00:00+00:00,0.31414,0.31545,0.30525,0.30792,23794864.0
2022-12-15 00:00:00+00:00,0.30792,0.30857,0.29618,0.30011,24205536.0
2022-12-16 00:00:00+00:00,0.30011,0.30109,0.2541,0.26327,51478043.0
2022-12-17 00:00:00+00:00,0.26327,0.26766,0.25868,0.26706,36142190.0
2022-12-18 00:00:00+00:00,0.26706,0.27118,0.26254,0.26585,40515085.0
2022-12-19 00:00:00+00:00,0.26585,0.26933,0.24854,0.25282,48639690.0
2022-12-20 00:00:00+00:00,0.25282,0.26194,0.25121,0.25857,23100456.0
2022-12-21 00:00:00+00:00,0.25857,0.25924,0.24764,0.2532,42087894.0
2022-12-22 00:00:00+00:00,0.2532,0.25688,0.24628,0.25658,43851019.0
2022-12-23 00:00:00+00:00,0.25658,0.26383,0.25532,0.25933,48482462.0
2022-12-24 00:00:00+00:00,0.25933,0.2602,0.25668,0.25899,19027632.0
2022-12-25 00:00:00+00:00,0.25899,0.25976,0.25446,0.25891,19441336.0
2022-12-26 00:00:00+00:00,0.25891,0.26542,0.25746,0.26503,36988677.0
2022-12-27 00:00:00+00:00,0.26503,0.26626,0.25605,0.26008,22983668.0
2022-12-28 00:00:00+00:00,0.26008,0.26076,0.24675,0.24813,45285354.0
2022-12-29 00:00:00+00:00,0.24813,0.24824,0.23914,0.24357,49898946.0
2022-12-30 00:00:00+00:00,0.24357,0.246,0.23914,0.24558,28399419.0
2022-12-31 00:00:00+00:00,0.24558,0.25185,0.24387,0.24581,20548246.0
2023-01-01 00:00:00+00:00,0.24581,0.24976,0.24329,0.2497,15701562.0
2023-01-02 00:00:00+00:00,0.2497,0.25633,0.24628,0.25352,19703921.0
2023-01-03 00:00:00+00:00,0.25352,0.25525,0.2499,0.25262,16005368.0
2023-01-04 00:00:00+00:00,0.25262,0.27036,0.25165,0.26789,38318316.0
2023-01-05 00:00:00+00:00,0.26789,0.27161,0.26314,0.26923,21866133.0
2023-01-06 00:00:00+00:00,0.26923,0.27983,0.26713,0.27839,71688087.0
2023-01-07 00:00:00+00:00,0.27839,0.28061,0.27219,0.27681,34220129.0
2023-01-08 00:00:00+00:00,0.27681,0.29985,0.27405,0.29767,85604444.0
2023-01-09 00:00:00+00:00,0.29767,0.347,0.29585,0.31709,109015115.0
2023-01-10 00:00:00+00:00,0.31709,0.32539,0.30633,0.32232,32342435.0
2023-01-11 00:00:00+00:00,0.32232,0.32346,0.30755,0.32278,23634354.0
2023-01-12 00:00:00+00:00,0.32278,0.33517,0.31494,0.32891,58221796.0
2023-01-13 00:00:00+00:00,0.32891,0.35104,0.32332,0.3457,27934650.0
2023-01-14 00:00:00+00:00,0.3457,0.37022,0.33181,0.3521,35462449.0
2023-01-15 00:00:00+00:00,0.3521,0.35369,0.339,0.35096,15812480.0
2023-01-16 00:00:00+00:00,0.35096,0.36376,0.33746,0.35023,17071399.0
2023-01-17 00:00:00+00:00,0.35023,0.35772,0.34262,0.34541,11915396.0
2023-01-18 00:00:00+00:00,0.34541,0.3555,0.323,0.32649,17097002.0
2023-01-19 00:00:00+00:00,0.32649,0.3428,0.32576,0.33799,13589052.0
2023-01-20 00:00:00+00:00,0.33799,0.36575,0.3336,0.36483,17473777.0
2023-01-21 00:00:00+00:00,0.36483,0.38061,0.35654,0.36892,24380955.0
2023-01-22 00:00:00+00:00,0.36892,0.38689,0.36239,0.37659,27899011.0
2023-01-23 00:00:00+00:00,0.37659,0.38365,0.36872,0.375,26886179.0
2023-01-24 00:00:00+00:00,0.375,0.38307,0.35519,0.35899,17207316.0
2023-01-25 00:00:00+00:00,0.35899,0.37978,0.34657,0.37276,17687555.0
2023-01-26 00:00:00+00:00,0.37276,0.38941,0.37149,0.37962,19791220.0
2023-01-27 00:00:00+00:00,0.37962,0.39126,0.36712,0.38963,14227040.0
2023-01-28 00:00:00+00:00,0.38963,0.398,0.37821,0.38197,20814301.0
2023-01-29 00:00:00+00:00,0.38197,0.3992,0.37668,0.39784,12006890.0
2023-01-30 00:00:00+00:00,0.39784,0.39847,0.36538,0.3728,17877615.0
2023-01-31 00:00:00+00:00,0.3728,0.3999,0.36853,0.39015,25300078.0
2023-02-01 00:00:00+00:00,0.39015,0.40213,0.37099,0.39707,25419232.0
2023-02-02 00:00:00+00:00,0.39707,0.41376,0.3917,0.39857,32829347.0
2023-02-03 00:00:00+00:00,0.39857,0.40734,0.39436,0.40382,25871522.0
2023-02-04 00:00:00+00:00,0.40382,0.40616,0.3976,0.39949,18360007.0
2023-02-05 00:00:00+00:00,0.39949,0.40221,0.38237,0.39247,30611654.0
2023-02-06 00:00:00+00:00,0.39247,0.40386,0.37962,0.3821,25886137.0
2023-02-07 00:00:00+00:00,0.3821,0.40002,0.38139,0.39921,24363022.0
2023-02-08 00:00:00+00:00,0.39921,0.40379,0.38535,0.39424,21412054.0
2023-02-09 00:00:00+00:00,0.39424,0.3959,0.35389,0.36204,26161174.0
2023-02-10 00:00:00+00:00,0.36204,0.36568,0.35405,0.35799,17884320.0
2023-02-11 00:00:00+00:00,0.35799,0.37017,0.35665,0.36836,7913330.0
2023-02-12 00:00:00+00:00,0.36836,0.37354,0.35936,0.36422,10676030.0
2023-02-13 00:00:00+00:00,0.36422,0.36561,0.34482,0.35883,15126599.0
2023-02-14 00:00:00+00:00,0.35883,0.39308,0.35431,0.3865,30603442.0
2023-02-15 00:00:00+00:00,0.3865,0.42033,0.3817,0.41897,39727749.0
2023-02-16 00:00:00+00:00,0.41897,0.42184,0.38653,0.38756,46703808.0
2023-02-17 00:00:00+00:00,0.38756,0.4095,0.38536,0.40338,21985080.0
2023-02-18 00:00:00+00:00,0.40338,0.41856,0.39735,0.40614,15276912.0
2023-02-19 00:00:00+00:00,0.40614,0.412,0.39652,0.3994,19031177.0
2023-02-20 00:00:00+00:00,0.3994,0.4095,0.38883,0.40387,16404493.0
2023-02-21 00:00:00+00:00,0.40387,0.40577,0.38491,0.39245,16645388.0
2023-02-22 00:00:00+00:00,0.39245,0.39269,0.37667,0.38882,16089100.0
2023-02-23 00:00:00+00:00,0.38882,0.39469,0.37934,0.38235,14078814.0
2023-02-24 00:00:00+00:00,0.38235,0.38515,0.35773,0.36536,18545549.0
2023-02-25 00:00:00+00:00,0.36536,0.36726,0.35066,0.36172,12979030.0
2023-02-26 00:00:00+00:00,0.36172,0.37008,0.35745,0.36874,15005596.0
2023-02-27 00:00:00+00:00,0.36874,0.36967,0.35714,0.36445,18357343.0
2023-02-28 00:00:00+00:00,0.36445,0.36765,0.34812,0.35144,20029122.0
2023-03-01 00:00:00+00:00,0.35144,0.36432,0.34898,0.36001,23040043.0
2023-03-02 00:00:00+00:00,0.36001,0.36109,0.34397,0.35005,27819685.0
2023-03-03 00:00:00+00:00,0.35005,0.3506,0.31855,0.34278,44158794.0
2023-03-04 00:00:00+00:00,0.34278,0.34476,0.32975,0.33654,15958154.0
2023-03-05 00:00:00+00:00,0.33654,0.34275,0.33431,0.33653,23016112.0
2023-03-06 00:00:00+00:00,0.33653,0.33833,0.32866,0.3303,22059222.0
2023-03-07 00:00:00+00:00,0.3303,0.3345,0.32037,0.33027,43260933.0
2023-03-08 00:00:00+00:00,0.33027,0.33245,0.31277,0.31721,41673676.0
2023-03-09 00:00:00+00:00,0.31721,0.32208,0.30062,0.30977,43745951.0
2023-03-10 00:00:00+00:00,0.30977,0.31793,0.29718,0.31476,45250420.0
2023-03-11 00:00:00+00:00,0.31476,0.32254,0.30126,0.30506,23684137.0
2023-03-12 00:00:00+00:00,0.30506,0.33104,0.3013,0.32972,24414188.0
2023-03-13 00:00:00+00:00,0.32972,0.35085,0.32724,0.34305,31815810.0
2023-03-14 00:00:00+00:00,0.34305,0.36728,0.33652,0.34305,40419196.0
2023-03-15 00:00:00+00:00,0.34305,0.34662,0.31599,0.32419,58043207.0
2023-03-16 00:00:00+00:00,0.32419,0.32891,0.31658,0.32457,37240623.0
2023-03-17 00:00:00+00:00,0.32457,0.35023,0.321,0.34947,46255364.0
2023-03-18 00:00:00+00:00,0.34947,0.35742,0.33457,0.33707,30197444.0
2023-03-19 00:00:00+00:00,0.33707,0.35237,0.3366,0.34461,24386484.0
2023-03-20 00:00:00+00:00,0.34461,0.34577,0.33015,0.33208,26855328.0
2023-03-21 00:00:00+00:00,0.33208,0.38629,0.32892,0.36951,78084660.0
2023-03-22 00:00:00+00:00,0.36951,0.38658,0.3485,0.35928,98742952.0
2023-03-23 00:00:00+00:00,0.35928,0.38519,0.3536,0.37175,43164636.0
2023-03-24 00:00:00+00:00,0.37175,0.37246,0.355,0.3593,35122289.0
2023-03-25 00:00:00+00:00,0.3593,0.3627,0.34829,0.35113,23534640.0
2023-03-26 00:00:00+00:00,0.35113,0.36113,0.34863,0.35542,21413707.0
2023-03-27 00:00:00+00:00,0.35542,0.35672,0.33618,0.34499,55787915.0
2023-03-28 00:00:00+00:00,0.34499,0.37006,0.34244,0.36779,65887338.0
2023-03-29 00:00:00+00:00,0.36779,0.38997,0.36645,0.38105,51552343.0
2023-03-30 00:00:00+00:00,0.38105,0.38743,0.36946,0.37589,59470574.0
2023-03-31 00:00:00+00:00,0.37589,0.40889,0.37402,0.3984,75889973.0
2023-04-01 00:00:00+00:00,0.3984,0.40242,0.38741,0.39221,49142197.0
2023-04-02 00:00:00+00:00,0.39221,0.39271,0.37492,0.38139,51751791.0
2023-04-03 00:00:00+00:00,0.38139,0.40443,0.37032,0.38688,119896463.0
2023-04-04 00:00:00+00:00,0.38688,0.39969,0.38378,0.38905,53081403.0
2023-04-05 00:00:00+00:00,0.38905,0.39985,0.38624,0.392,30478582.0
2023-04-06 00:00:00+00:00,0.392,0.392,0.37615,0.38284,28676452.0
2023-04-07 00:00:00+00:00,0.38284,0.38485,0.37545,0.38311,16401389.0
2023-04-08 00:00:00+00:00,0.38311,0.38975,0.38025,0.3849,21373867.0
2023-04-09 00:00:00+00:00,0.3849,0.39265,0.38394,0.38904,31536728.0
2023-04-10 00:00:00+00:00,0.38904,0.39743,0.38432,0.39688,32524152.0
2023-04-11 00:00:00+00:00,0.39688,0.41298,0.39556,0.40139,50977714.0
2023-04-12 00:00:00+00:00,0.40139,0.40648,0.38857,0.40447,37949735.0
2023-04-13 00:00:00+00:00,0.40447,0.42858,0.39899,0.42506,39844630.0
2023-04-14 00:00:00+00:00,0.42506,0.44398,0.42255,0.43775,63438662.0
2023-04-15 00:00:00+00:00,0.43775,0.46132,0.43072,0.45212,60137874.0
2023-04-16 00:00:00+00:00,0.45212,0.45723,0.44237,0.45141,43418891.0
2023-04-17 00:00:00+00:00,0.45141,0.45147,0.43133,0.43416,42770753.0
2023-04-18 00:00:00+00:00,0.43416,0.44754,0.42761,0.44328,33663599.0
2023-04-19 00:00:00+00:00,0.44328,0.44337,0.40551,0.4159,38287804.0
2023-04-20 00:00:00+00:00,0.4159,0.42179,0.39515,0.40051,28729612.0
2023-04-21 00:00:00+00:00,0.40051,0.40699,0.37852,0.38214,27125843.0
2023-04-22 00:00:00+00:00,0.38214,0.39858,0.381,0.3952,17363771.0
2023-04-23 00:00:00+00:00,0.3952,0.39538,0.37919,0.38834,14521442.0
2023-04-24 00:00:00+00:00,0.38834,0.397,0.37934,0.38308,16317226.0
2023-04-25 00:00:00+00:00,0.38308,0.39478,0.37578,0.39389,23214274.0
2023-04-26 00:00:00+00:00,0.39389,0.4168,0.3773,0.40108,49405175.0
2023-04-27 00:00:00+00:00,0.40108,0.4184,0.4004,0.40957,29727915.0
2023-04-28 00:00:00+00:00,0.40957,0.4106,0.39678,0.40404,17373545.0
2023-04-29 00:00:00+00:00,0.40404,0.40724,0.39884,0.40228,11027411.0
2023-04-30 00:00:00+00:00,0.40228,0.41458,0.39384,0.39513,18608282.0
2023-05-01 00:00:00+00:00,0.39513,0.39746,0.38007,0.38655,13126978.0
2023-05-02 00:00:00+00:00,0.38655,0.39442,0.38109,0.39132,13092172.0
2023-05-03 00:00:00+00:00,0.39132,0.39616,0.37777,0.39373,23418194.0
2023-05-04 00:00:00+00:00,0.39373,0.39604,0.38472,0.38696,12581359.0
2023-05-05 00:00:00+00:00,0.38696,0.39667,0.38191,0.39373,19501816.0
2023-05-06 00:00:00+00:00,0.39373,0.39656,0.37295,0.37841,14319975.0
2023-05-07 00:00:00+00:00,0.37841,0.38293,0.37356,0.37568,13240825.0
2023-05-08 00:00:00+00:00,0.37568,0.37913,0.35286,0.36506,26645818.0
2023-05-09 00:00:00+00:00,0.36506,0.37013,0.35953,0.36298,10365142.0
2023-05-10 00:00:00+00:00,0.36298,0.37252,0.35426,0.36892,25010641.0
2023-05-11 00:00:00+00:00,0.36892,0.3692,0.34813,0.35956,51351889.0
2023-05-12 00:00:00+00:00,0.35956,0.37044,0.35291,0.36992,44276858.0
2023-05-13 00:00:00+00:00,0.36992,0.37061,0.362,0.36423,9345874.0
2023-05-14 00:00:00+00:00,0.36423,0.37274,0.36236,0.37064,15353859.0
2023-05-15 00:00:00+00:00,0.37064,0.37543,0.36553,0.36661,24299919.0
2023-05-16 00:00:00+00:00,0.36661,0.37003,0.36092,0.36795,12837708.0
2023-05-17 00:00:00+00:00,0.36795,0.38013,0.36415,0.37521,24185368.0
2023-05-18 00:00:00+00:00,0.37521,0.3798,0.36542,0.37121,20098083.0
2023-05-19 00:00:00+00:00,0.37121,0.37266,0.3656,0.36772,14588583.0
2023-05-20 00:00:00+00:00,0.36772,0.368,0.36297,0.36598,9865565.0
2023-05-21 00:00:00+00:00,0.36598,0.3672,0.35624,0.36003,13693760.0
2023-05-22 00:00:00+00:00,0.36003,0.37363,0.35593,0.36758,25894090.0
2023-05-23 00:00:00+00:00,0.36758,0.3751,0.36543,0.36997,11616684.0
2023-05-24 00:00:00+00:00,0.36997,0.37021,0.36009,0.36374,13372862.0
2023-05-25 00:00:00+00:00,0.36374,0.36451,0.35477,0.35777,18342627.0
2023-05-26 00:00:00+00:00,0.35777,0.36653,0.35325,0.36229,20476861.0
2023-05-27 00:00:00+00:00,0.36229,0.3671,0.36028,0.3663,12036519.0
2023-05-28 00:00:00+00:00,0.3663,0.38449,0.36577,0.38239,24423309.0
2023-05-29 00:00:00+00:00,0.38239,0.38594,0.37541,0.37859,20305410.0
2023-05-30 00:00:00+00:00,0.37859,0.38308,0.37455,0.37753,14833081.0
2023-05-31 00:00:00+00:00,0.37753,0.38046,0.3701,0.37419,19399060.0
2023-06-01 00:00:00+00:00,0.37419,0.37557,0.36066,0.36397,20910875.0
2023-06-02 00:00:00+00:00,0.36397,0.3791,0.3616,0.37778,23825635.0
2023-06-03 00:00:00+00:00,0.37778,0.37786,0.37263,0.37575,10276146.0
2023-06-04 00:00:00+00:00,0.37575,0.38172,0.37449,0.37712,14720192.0
2023-06-05 00:00:00+00:00,0.37712,0.37874,0.34648,0.35089,36498313.0
2023-06-06 00:00:00+00:00,0.35089,0.35655,0.33623,0.35273,26365808.0
2023-06-07 00:00:00+00:00,0.35273,0.35284,0.31723,0.32198,52991771.0
2023-06-08 00:00:00+00:00,0.32198,0.33057,0.31975,0.32253,27936178.0
2023-06-09 00:00:00+00:00,0.32253,0.32376,0.28968,0.29475,100407435.0
2023-06-10 00:00:00+00:00,0.29475,0.29496,0.21693,0.27461,345633365.0
2023-06-11 00:00:00+00:00,0.27461,0.2796,0.25876,0.27191,140391103.0
2023-06-12 00:00:00+00:00,0.27191,0.28638,0.26481,0.27476,124288978.0
2023-06-13 00:00:00+00:00,0.27476,0.28944,0.26825,0.27493,85452885.0
2023-06-14 00:00:00+00:00,0.27493,0.27707,0.25604,0.26311,69496532.0
2023-06-15 00:00:00+00:00,0.26311,0.26568,0.25217,0.26183,64282904.0
2023-06-16 00:00:00+00:00,0.26183,0.26726,0.25318,0.26294,57541342.0
2023-06-17 00:00:00+00:00,0.26294,0.2734,0.26034,0.26645,42463515.0
2023-06-18 00:00:00+00:00,0.26645,0.26878,0.2584,0.26063,28126529.0
2023-06-19 00:00:00+00:00,0.26063,0.26349,0.25666,0.26308,30130339.0
2023-06-20 00:00:00+00:00,0.26308,0.27033,0.25194,0.27024,38554060.0
2023-06-21 00:00:00+00:00,0.27024,0.28869,0.26847,0.28593,56530677.0
2023-06-22 00:00:00+00:00,0.28593,0.30459,0.28538,0.28964,65882828.0
2023-06-23 00:00:00+00:00,0.28964,0.30258,0.28612,0.29637,45642583.0
2023-06-24 00:00:00+00:00,0.29637,0.29697,0.2839,0.28906,35525310.0
2023-06-25 00:00:00+00:00,0.28906,0.30474,0.28804,0.29167,35049669.0
2023-06-26 00:00:00+00:00,0.29167,0.29188,0.27456,0.28018,40892370.0
2023-06-27 00:00:00+00:00,0.28018,0.28946,0.27817,0.28633,40877787.0
2023-06-28 00:00:00+00:00,0.28633,0.28663,0.25888,0.26653,65011890.0
2023-06-29 00:00:00+00:00,0.26653,0.27788,0.26616,0.27499,35146795.0
2023-06-30 00:00:00+00:00,0.27499,0.2994,0.26703,0.28658,89492753.0
2023-07-01 00:00:00+00:00,0.28658,0.29318,0.28083,0.29214,28324279.0
2023-07-02 00:00:00+00:00,0.29214,0.29367,0.28487,0.29144,25281124.0
2023-07-03 00:00:00+00:00,0.29144,0.29912,0.29005,0.29652,29100381.0
2023-07-04 00:00:00+00:00,0.29652,0.30157,0.28882,0.29213,45404106.0
2023-07-05 00:00:00+00:00,0.29213,0.29597,0.27943,0.28379,64249178.0
2023-07-06 00:00:00+00:00,0.28379,0.2935,0.2758,0.27831,81730448.0
2023-07-07 00:00:00+00:00,0.27831,0.28524,0.27588,0.28432,34525097.0
2023-07-08 00:00:00+00:00,0.28432,0.29291,0.28126,0.2905,44200006.0
2023-07-09 00:00:00+00:00,0.2905,0.29164,0.28281,0.28419,36825507.0
2023-07-10 00:00:00+00:00,0.28419,0.29252,0.27783,0.28781,42846349.0
2023-07-11 00:00:00+00:00,0.28781,0.29387,0.28746,0.29273,31426164.0
2023-07-12 00:00:00+00:00,0.29273,0.29524,0.28466,0.2887,30392254.0
2023-07-13 00:00:00+00:00,0.2887,0.36768,0.2855,0.35629,147411036.0
2023-07-14 00:00:00+00:00,0.35629,0.379,0.316,0.32764,113085377.0
2023-07-15 00:00:00+00:00,0.32764,0.33721,0.32383,0.32582,33196625.0
2023-07-16 00:00:00+00:00,0.32582,0.32742,0.3115,0.31412,49028332.0
2023-07-17 00:00:00+00:00,0.31412,0.31929,0.30496,0.31165,39262561.0
2023-07-18 00:00:00+00:00,0.31165,0.31385,0.29941,0.30905,34638985.0
2023-07-19 00:00:00+00:00,0.30905,0.32577,0.30662,0.32227,61438439.0
2023-07-20 00:00:00+00:00,0.32227,0.33185,0.31274,0.31577,77078917.0
2023-07-21 00:00:00+00:00,0.31577,0.31812,0.3102,0.31249,24505592.0
2023-07-22 00:00:00+00:00,0.31249,0.31465,0.30559,0.30979,20949786.0
2023-07-23 00:00:00+00:00,0.30979,0.31878,0.30677,0.31673,26111602.0
2023-07-24 00:00:00+00:00,0.31673,0.31876,0.29962,0.30482,35061713.0
2023-07-25 00:00:00+00:00,0.30482,0.30767,0.30123,0.30342,20776081.0
2023-07-26 00:00:00+00:00,0.30342,0.31044,0.3,0.30652,24635501.0
2023-07-27 00:00:00+00:00,0.30652,0.31322,0.30509,0.30759,25265204.0
2023-07-28 00:00:00+00:00,0.30759,0.31306,0.30589,0.30974,19600940.0
2023-07-29 00:00:00+00:00,0.30974,0.31429,0.30861,0.3128,19739220.0
2023-07-30 00:00:00+00:00,0.3128,0.31793,0.30484,0.31543,26643935.0
2023-07-31 00:00:00+00:00,0.31543,0.31872,0.30613,0.30681,24853740.0
2023-08-01 00:00:00+00:00,0.30681,0.31036,0.29441,0.31005,39258146.0
2023-08-02 00:00:00+00:00,0.31005,0.31168,0.29734,0.29904,22797820.0
2023-08-03 00:00:00+00:00,0.29904,0.30105,0.28858,0.29197,22782034.0
2023-08-04 00:00:00+00:00,0.29197,0.29697,0.29,0.29323,18604174.0
2023-08-05 00:00:00+00:00,0.29323,0.29383,0.29,0.29353,13867667.0
2023-08-06 00:00:00+00:00,0.29353,0.29565,0.29029,0.29188,16387026.0
2023-08-07 00:00:00+00:00,0.29188,0.29586,0.28137,0.29076,31142864.0
2023-08-08 00:00:00+00:00,0.29076,0.30237,0.28935,0.2973,41354528.0
2023-08-09 00:00:00+00:00,0.2973,0.30217,0.29587,0.30109,21161811.0
2023-08-10 00:00:00+00:00,0.30109,0.30146,0.29573,0.29625,19691721.0
2023-08-11 00:00:00+00:00,0.29625,0.2973,0.29219,0.29304,13074782.0
2023-08-12 00:00:00+00:00,0.29304,0.29446,0.29048,0.29168,13831821.0
2023-08-13 00:00:00+00:00,0.29168,0.29326,0.28641,0.28923,22591026.0
2023-08-14 00:00:00+00:00,0.28923,0.29241,0.28681,0.29047,18078639.0
2023-08-15 00:00:00+00:00,0.29047,0.29095,0.27329,0.28169,32694858.0
2023-08-16 00:00:00+00:00,0.28169,0.28259,0.26478,0.27445,30710556.0
2023-08-17 00:00:00+00:00,0.27445,0.27818,0.23186,0.25483,53675634.0
2023-08-18 00:00:00+00:00,0.25483,0.26714,0.25427,0.26361,33404515.0
2023-08-19 00:00:00+00:00,0.26361,0.26962,0.26004,0.2686,25714041.0
2023-08-20 00:00:00+00:00,0.2686,0.27296,0.2644,0.27011,22172175.0
2023-08-21 00:00:00+00:00,0.27011,0.27235,0.25832,0.26255,33388305.0
2023-08-22 00:00:00+00:00,0.26255,0.26299,0.24972,0.25823,30062738.0
2023-08-23 00:00:00+00:00,0.25823,0.2696,0.25774,0.26782,25933851.0
2023-08-24 00:00:00+00:00,0.26782,0.27117,0.26208,0.26553,20762397.0
2023-08-25 00:00:00+00:00,0.26553,0.27041,0.25882,0.26085,29939653.0
2023-08-26 00:00:00+00:00,0.26085,0.26154,0.25764,0.26067,13718289.0
2023-08-27 00:00:00+00:00,0.26067,0.26508,0.25977,0.26317,12016601.0
2023-08-28 00:00:00+00:00,0.26317,0.26771,0.25733,0.2673,23402790.0
2023-08-29 00:00:00+00:00,0.2673,0.27966,0.26001,0.27238,38643655.0
2023-08-30 00:00:00+00:00,0.27238,0.27269,0.26025,0.2651,37972520.0
2023-08-31 00:00:00+00:00,0.2651,0.26639,0.24915,0.25513,33752427.0
2023-09-01 00:00:00+00:00,0.25513,0.25849,0.25131,0.25486,21486279.0
2023-09-02 00:00:00+00:00,0.25486,0.25709,0.25331,0.25583,11438304.0
2023-09-03 00:00:00+00:00,0.25583,0.25658,0.25285,0.25559,18407881.0
2023-09-04 00:00:00+00:00,0.25559,0.25979,0.25313,0.25598,27311387.0
2023-09-05 00:00:00+00:00,0.25598,0.25872,0.2535,0.25769,15630263.0
2023-09-06 00:00:00+00:00,0.25769,0.26085,0.25206,0.25754,18886177.0
2023-09-07 00:00:00+00:00,0.25754,0.25948,0.2529,0.25767,18390194.0
2023-09-08 00:00:00+00:00,0.25767,0.25958,0.25235,0.25413,14693609.0
2023-09-09 00:00:00+00:00,0.25413,0.25568,0.2529,0.25303,7778744.0
2023-09-10 00:00:00+00:00,0.25303,0.25303,0.24189,0.24877,31667454.0
2023-09-11 00:00:00+00:00,0.24877,0.2494,0.2365,0.24174,38806782.0
2023-09-12 00:00:00+00:00,0.24174,0.25239,0.2405,0.24537,29556239.0
2023-09-13 00:00:00+00:00,0.24537,0.24982,0.24321,0.24844,15312666.0
2023-09-14 00:00:00+00:00,0.24844,0.25236,0.2461,0.25101,13503842.0
2023-09-15 00:00:00+00:00,0.25101,0.25499,0.24511,0.25027,25628805.0
2023-09-16 00:00:00+00:00,0.25027,0.2536,0.24801,0.25001,10303892.0
2023-09-17 00:00:00+00:00,0.25001,0.251,0.2441,0.24678,12340673.0
2023-09-18 00:00:00+00:00,0.24678,0.25569,0.2439,0.25141,20658824.0
2023-09-19 00:00:00+00:00,0.25141,0.25753,0.2506,0.25452,12569652.0
2023-09-20 00:00:00+00:00,0.25452,0.25638,0.24979,0.25136,19647102.0
2023-09-21 00:00:00+00:00,0.25136,0.25279,0.24466,0.24489,24810751.0
2023-09-22 00:00:00+00:00,0.24489,0.24627,0.2425,0.24475,19150224.0
2023-09-23 00:00:00+00:00,0.24475,0.24659,0.24342,0.24584,9931195.0
2023-09-24 00:00:00+00:00,0.24584,0.24599,0.24146,0.24259,9397920.0
2023-09-25 00:00:00+00:00,0.24259,0.24591,0.24016,0.24562,11600666.0
2023-09-26 00:00:00+00:00,0.24562,0.24755,0.24304,0.24514,11591628.0
2023-09-27 00:00:00+00:00,0.24514,0.24812,0.24223,0.24446,16009154.0
2023-09-28 00:00:00+00:00,0.24446,0.25053,0.24301,0.24871,25708662.0
2023-09-29 00:00:00+00:00,0.24871,0.25575,0.2476,0.24915,34241655.0
2023-09-30 00:00:00+00:00,0.24915,0.25458,0.24872,0.25371,18148259.0
2023-10-01 00:00:00+00:00,0.25371,0.26768,0.25354,0.26553,49597171.0
2023-10-02 00:00:00+00:00,0.26553,0.26923,0.25716,0.25894,28643377.0
2023-10-03 00:00:00+00:00,0.25894,0.26438,0.25723,0.26072,23427033.0
2023-10-04 00:00:00+00:00,0.26072,0.26112,0.2521,0.25863,16091806.0
2023-10-05 00:00:00+00:00,0.25863,0.26355,0.25638,0.25994,29089658.0
2023-10-06 00:00:00+00:00,0.25994,0.26666,0.25994,0.26448,22532398.0
2023-10-07 00:00:00+00:00,0.26448,0.26542,0.25643,0.25861,21018098.0
2023-10-08 00:00:00+00:00,0.25861,0.25885,0.25523,0.25619,15109959.0
2023-10-09 00:00:00+00:00,0.25619,0.25847,0.24825,0.25133,22891433.0
2023-10-10 00:00:00+00:00,0.25133,0.25297,0.24657,0.2489,12017901.0
2023-10-11 00:00:00+00:00,0.2489,0.24937,0.24421,0.24785,18727267.0
2023-10-12 00:00:00+00:00,0.24785,0.24789,0.24194,0.24572,12698481.0
2023-10-13 00:00:00+00:00,0.24572,0.24938,0.2447,0.24559,10485589.0
2023-10-14 00:00:00+00:00,0.24559,0.24739,0.24465,0.24676,6811170.0
2023-10-15 00:00:00+00:00,0.24676,0.24821,0.24525,0.24701,9476167.0
2023-10-16 00:00:00+00:00,0.24701,0.25985,0.24688,0.25123,27202422.0
2023-10-17 00:00:00+00:00,0.25123,0.25157,0.24447,0.24618,17457297.0
2023-10-18 00:00:00+00:00,0.24618,0.2482,0.24213,0.24282,11638631.0
2023-10-19 00:00:00+00:00,0.24282,0.24685,0.23886,0.24674,21187062.0
2023-10-20 00:00:00+00:00,0.24674,0.25291,0.24522,0.25099,21127884.0
2023-10-21 00:00:00+00:00,0.25099,0.26277,0.24933,0.25843,26848072.0
2023-10-22 00:00:00+00:00,0.25843,0.26413,0.25508,0.26374,22554247.0
2023-10-23 00:00:00+00:00,0.26374,0.28115,0.26155,0.28052,32085046.0
2023-10-24 00:00:00+00:00,0.28052,0.29371,0.27319,0.27914,28353060.0
2023-10-25 00:00:00+00:00,0.27914,0.28967,0.2759,0.28057,18207411.0
2023-10-26 00:00:00+00:00,0.28057,0.29728,0.27983,0.28708,33656954.0
2023-10-27 00:00:00+00:00,0.28708,0.29243,0.28053,0.28919,18502502.0
2023-10-28 00:00:00+00:00,0.28919,0.29754,0.28876,0.29082,13512177.0
2023-10-29 00:00:00+00:00,0.29082,0.29872,0.28801,0.29533,12742581.0
2023-10-30 00:00:00+00:00,0.29533,0.30312,0.29206,0.303,21629567.0
2023-10-31 00:00:00+00:00,0.303,0.30482,0.28414,0.29291,37042479.0
2023-11-01 00:00:00+00:00,0.29291,0.30889,0.28444,0.30727,39452915.0
2023-11-02 00:00:00+00:00,0.30727,0.32935,0.29812,0.32305,52329974.0
2023-11-03 00:00:00+00:00,0.32305,0.32968,0.3114,0.329,43751240.0
2023-11-04 00:00:00+00:00,0.329,0.33039,0.32074,0.32778,20975909.0
2023-11-05 00:00:00+00:00,0.32778,0.35,0.32596,0.34181,36049336.0
2023-11-06 00:00:00+00:00,0.34181,0.3757,0.3374,0.36266,42617630.0
2023-11-07 00:00:00+00:00,0.36266,0.36566,0.33364,0.35105,63051588.0
2023-11-08 00:00:00+00:00,0.35105,0.3602,0.34868,0.35765,25101966.0
2023-11-09 00:00:00+00:00,0.35765,0.38682,0.34116,0.36823,67425620.0
2023-11-10 00:00:00+00:00,0.36823,0.38856,0.36261,0.38607,30001213.0
2023-11-11 00:00:00+00:00,0.38607,0.39553,0.36958,0.3844,38086656.0
2023-11-12 00:00:00+00:00,0.3844,0.39155,0.3705,0.38358,25630074.0
2023-11-13 00:00:00+00:00,0.38358,0.38882,0.35269,0.35682,33010308.0
2023-11-14 00:00:00+00:00,0.35682,0.37194,0.3395,0.35759,30054921.0
2023-11-15 00:00:00+00:00,0.35759,0.37925,0.3537,0.3787,21803981.0
2023-11-16 00:00:00+00:00,0.3787,0.40964,0.35847,0.37037,67414271.0
2023-11-17 00:00:00+00:00,0.37037,0.37811,0.35267,0.36704,24284186.0
2023-11-18 00:00:00+00:00,0.36704,0.37765,0.3485,0.377,30174164.0
2023-11-19 00:00:00+00:00,0.377,0.38549,0.36879,0.38386,38499917.0
2023-11-20 00:00:00+00:00,0.38386,0.39912,0.37809,0.38041,29740792.0
2023-11-21 00:00:00+00:00,0.38041,0.38974,0.35528,0.35625,34341363.0
2023-11-22 00:00:00+00:00,0.35625,0.38732,0.35566,0.38029,24577490.0
2023-11-23 00:00:00+00:00,0.38029,0.38723,0.37588,0.38703,11851919.0
2023-11-24 00:00:00+00:00,0.38703,0.39763,0.38346,0.38596,25690584.0
2023-11-25 00:00:00+00:00,0.38596,0.39578,0.38419,0.39405,16466594.0
2023-11-26 00:00:00+00:00,0.39405,0.39561,0.37812,0.38717,21266152.0
2023-11-27 00:00:00+00:00,0.38717,0.3919,0.37101,0.3778,29597140.0
2023-11-28 00:00:00+00:00,0.3778,0.38818,0.3694,0.38566,24430122.0
2023-11-29 00:00:00+00:00,0.38566,0.38902,0.37739,0.38158,19322839.0
2023-11-30 00:00:00+00:00,0.38158,0.38282,0.37159,0.37573,16954465.0
2023-12-01 00:00:00+00:00,0.37573,0.38553,0.37358,0.38431,23773870.0
2023-12-02 00:00:00+00:00,0.38431,0.39814,0.38274,0.39777,26519267.0
2023-12-03 00:00:00+00:00,0.39777,0.40316,0.38789,0.39498,20939366.0
2023-12-04 00:00:00+00:00,0.39498,0.41509,0.39047,0.40709,42752473.0
2023-12-05 00:00:00+00:00,0.40709,0.42619,0.39671,0.42601,32162255.0
2023-12-06 00:00:00+00:00,0.42601,0.45485,0.41609,0.44263,54395543.0
2023-12-07 00:00:00+00:00,0.44263,0.45936,0.43151,0.45581,38914642.0
2023-12-08 00:00:00+00:00,0.45581,0.57171,0.45225,0.54571,160888897.0
2023-12-09 00:00:00+00:00,0.54571,0.64854,0.5442,0.57921,294854319.0
2023-12-10 00:00:00+00:00,0.57921,0.6152,0.56911,0.59534,128305936.0
2023-12-11 00:00:00+00:00,0.59534,0.59872,0.50885,0.55124,110517657.0
2023-12-12 00:00:00+00:00,0.55124,0.60698,0.55098,0.57851,99096602.0
2023-12-13 00:00:00+00:00,0.57851,0.67929,0.54201,0.66743,128150817.0
2023-12-14 00:00:00+00:00,0.66743,0.68108,0.6074,0.64435,125696280.0
2023-12-15 00:00:00+00:00,0.64435,0.65473,0.6005,0.60108,50915687.0
2023-12-16 00:00:00+00:00,0.60108,0.62646,0.58578,0.60851,34468665.0
2023-12-17 00:00:00+00:00,0.60851,0.61936,0.57682,0.58085,30745727.0
2023-12-18 00:00:00+00:00,0.58085,0.60403,0.54342,0.60246,42552303.0
2023-12-19 00:00:00+00:00,0.60246,0.61732,0.56667,0.57665,40488770.0
2023-12-20 00:00:00+00:00,0.57665,0.61113,0.56884,0.59051,37336584.0
2023-12-21 00:00:00+00:00,0.59051,0.64,0.58245,0.63482,42692834.0
2023-12-22 00:00:00+00:00,0.63482,0.652,0.60549,0.62357,48328469.0
2023-12-23 00:00:00+00:00,0.62357,0.62372,0.59737,0.61327,21669251.0
2023-12-24 00:00:00+00:00,0.61327,0.6286,0.58428,0.59229,31126836.0
2023-12-25 00:00:00+00:00,0.59229,0.63529,0.58821,0.62453,21456935.0
2023-12-26 00:00:00+00:00,0.62453,0.62836,0.5583,0.60893,36903997.0
2023-12-27 00:00:00+00:00,0.60893,0.64437,0.58401,0.63404,39940456.0
2023-12-28 00:00:00+00:00,0.63404,0.6779,0.60999,0.61665,64315245.0
2023-12-29 00:00:00+00:00,0.61665,0.6269,0.59062,0.60913,36729649.0
2023-12-30 00:00:00+00:00,0.60913,0.61372,0.59346,0.60154,17455340.0
2023-12-31 00:00:00+00:00,0.60154,0.6111,0.57782,0.59418,16482579.0
2024-01-01 00:00:00+00:00,0.59418,0.62467,0.59064,0.6238,14984164.0
2024-01-02 00:00:00+00:00,0.6238,0.63773,0.60254,0.60636,30456119.0
2024-01-03 00:00:00+00:00,0.60636,0.6195,0.46643,0.55764,57373498.0
2024-01-04 00:00:00+00:00,0.55764,0.57926,0.54836,0.57058,20339480.0
2024-01-05 00:00:00+00:00,0.57058,0.57316,0.52055,0.54151,22606742.0
2024-01-06 00:00:00+00:00,0.54151,0.54341,0.50693,0.52327,15798902.0
2024-01-07 00:00:00+00:00,0.52327,0.53065,0.48772,0.49493,18317593.0
2024-01-08 00:00:00+00:00,0.49493,0.54424,0.46271,0.54143,33723034.0
2024-01-09 00:00:00+00:00,0.54143,0.54364,0.49562,0.51276,44679095.0
2024-01-10 00:00:00+00:00,0.51276,0.58861,0.48765,0.56543,46360633.0
2024-01-11 00:00:00+00:00,0.56543,0.61728,0.56004,0.582,53683271.0
2024-01-12 00:00:00+00:00,0.582,0.58883,0.52629,0.548,30986982.0
2024-01-13 00:00:00+00:00,0.548,0.55466,0.53144,0.54945,12004951.0
2024-01-14 00:00:00+00:00,0.54945,0.55039,0.52386,0.52526,14737947.0
2024-01-15 00:00:00+00:00,0.52526,0.54188,0.52166,0.52793,23434827.0
2024-01-16 00:00:00+00:00,0.52793,0.54835,0.5257,0.53542,22949190.0
2024-01-17 00:00:00+00:00,0.53542,0.54002,0.52077,0.52814,18068045.0
2024-01-18 00:00:00+00:00,0.52814,0.52818,0.49542,0.50247,18537607.0
2024-01-19 00:00:00+00:00,0.50247,0.50551,0.47117,0.5044,24286709.0
2024-01-20 00:00:00+00:00,0.5044,0.51809,0.49925,0.51669,14865192.0
2024-01-21 00:00:00+00:00,0.51669,0.52049,0.50265,0.50338,13282012.0
2024-01-22 00:00:00+00:00,0.50338,0.50625,0.47652,0.47906,23281751.0
2024-01-23 00:00:00+00:00,0.47906,0.4865,0.4472,0.47679,26476222.0
2024-01-24 00:00:00+00:00,0.47679,0.48055,0.46441,0.47638,11853125.0
2024-01-25 00:00:00+00:00,0.47638,0.48349,0.45877,0.46692,15587422.0
2024-01-26 00:00:00+00:00,0.46692,0.49044,0.46313,0.48535,20498050.0
2024-01-27 00:00:00+00:00,0.48535,0.49,0.47575,0.48627,9802676.0
2024-01-28 00:00:00+00:00,0.48627,0.5008,0.48353,0.49066,14285006.0
2024-01-29 00:00:00+00:00,0.49066,0.528,0.48411,0.52581,23127827.0
2024-01-30 00:00:00+00:00,0.52581,0.53637,0.51208,0.51338,22983934.0
2024-01-31 00:00:00+00:00,0.51338,0.51999,0.49315,0.49754,27642270.0
2024-02-01 00:00:00+00:00,0.49754,0.50821,0.48561,0.50751,17631325.0
2024-02-02 00:00:00+00:00,0.50751,0.52486,0.5039,0.51449,26816544.0
2024-02-03 00:00:00+00:00,0.51449,0.52536,0.51159,0.51261,14443972.0
2024-02-04 00:00:00+00:00,0.51261,0.51295,0.4932,0.49354,15963738.0
2024-02-05 00:00:00+00:00,0.49354,0.50657,0.48724,0.4945,15006912.0
2024-02-06 00:00:00+00:00,0.4945,0.50395,0.48796,0.49785,10934891.0
2024-02-07 00:00:00+00:00,0.49785,0.50222,0.47365,0.50137,24404157.0
2024-02-08 00:00:00+00:00,0.50137,0.53565,0.50137,0.52979,33663594.0
2024-02-09 00:00:00+00:00,0.52979,0.54787,0.52678,0.54045,27199161.0
2024-02-10 00:00:00+00:00,0.54045,0.5579,0.52723,0.55133,17450076.0
2024-02-11 00:00:00+00:00,0.55133,0.56586,0.53542,0.54205,20356521.0
2024-02-12 00:00:00+00:00,0.54205,0.56648,0.53097,0.55951,20877207.0
2024-02-13 00:00:00+00:00,0.55951,0.56475,0.53252,0.54572,19433016.0
2024-02-14 00:00:00+00:00,0.54572,0.58352,0.53947,0.57711,19489493.0
2024-02-15 00:00:00+00:00,0.57711,0.61301,0.57109,0.60917,31005279.0
2024-02-16 00:00:00+00:00,0.60917,0.61411,0.58127,0.59903,23214133.0
2024-02-17 00:00:00+00:00,0.59903,0.61146,0.5686,0.60995,16485601.0
2024-02-18 00:00:00+00:00,0.60995,0.63938,0.60995,0.61977,30468116.0
2024-02-19 00:00:00+00:00,0.61977,0.63957,0.61561,0.63109,19767150.0
2024-02-20 00:00:00+00:00,0.63109,0.64266,0.59347,0.62242,26262394.0
2024-02-21 00:00:00+00:00,0.62242,0.62431,0.575,0.59944,23276295.0
2024-02-22 00:00:00+00:00,0.59944,0.60871,0.58092,0.5865,19246954.0
2024-02-23 00:00:00+00:00,0.5865,0.5955,0.56845,0.58226,15620566.0
2024-02-24 00:00:00+00:00,0.58226,0.6008,0.57,0.59757,12830959.0
2024-02-25 00:00:00+00:00,0.59757,0.60153,0.58135,0.59201,10345734.0
2024-02-26 00:00:00+00:00,0.59201,0.62249,0.5736,0.61962,20235152.0
2024-02-27 00:00:00+00:00,0.61962,0.6313,0.6075,0.62444,19199117.0
2024-02-28 00:00:00+00:00,0.62444,0.6626,0.59383,0.62989,37527777.0
2024-02-29 00:00:00+00:00,0.62989,0.71085,0.62241,0.65566,45931738.0
2024-03-01 00:00:00+00:00,0.65566,0.72091,0.65386,0.71974,21374298.0
2024-03-02 00:00:00+00:00,0.71974,0.76476,0.71733,0.74269,27047788.0
2024-03-03 00:00:00+00:00,0.74269,0.74395,0.67812,0.72943,20621673.0
2024-03-04 00:00:00+00:00,0.72943,0.8,0.72417,0.77223,32246150.0
2024-03-05 00:00:00+00:00,0.77223,0.78521,0.55037,0.69316,53157595.0
2024-03-06 00:00:00+00:00,0.69316,0.7595,0.66583,0.73663,27756663.0
2024-03-07 00:00:00+00:00,0.73663,0.75719,0.71808,0.74487,21443494.0
2024-03-08 00:00:00+00:00,0.74487,0.75638,0.69833,0.72444,21152904.0
2024-03-09 00:00:00+00:00,0.72444,0.74698,0.72184,0.74242,12307333.0
2024-03-10 00:00:00+00:00,0.74242,0.74578,0.70033,0.7178,14711699.0
2024-03-11 00:00:00+00:00,0.7178,0.789,0.68263,0.776,27403858.0
2024-03-12 00:00:00+00:00,0.776,0.77718,0.70443,0.74965,26422757.0
2024-03-13 00:00:00+00:00,0.74965,0.77424,0.73525,0.7656,17503046.0
2024-03-14 00:00:00+00:00,0.7656,0.81078,0.71428,0.75212,41165418.0
2024-03-15 00:00:00+00:00,0.75212,0.76589,0.6666,0.72751,30228361.0
2024-03-16 00:00:00+00:00,0.72751,0.73589,0.65053,0.65931,17262496.0
2024-03-17 00:00:00+00:00,0.65931,0.68937,0.62897,0.68197,15323908.0
2024-03-18 00:00:00+00:00,0.68197,0.69959,0.6425,0.66093,17268084.0
2024-03-19 00:00:00+00:00,0.66093,0.6668,0.58,0.58713,23316530.0
2024-03-20 00:00:00+00:00,0.58713,0.64546,0.56962,0.64031,20044844.0
2024-03-21 00:00:00+00:00,0.64031,0.64991,0.61712,0.63305,16345932.0
2024-03-22 00:00:00+00:00,0.63305,0.644,0.59982,0.61514,12903263.0
2024-03-23 00:00:00+00:00,0.61514,0.63979,0.61026,0.62323,8548689.0
2024-03-24 00:00:00+00:00,0.62323,0.6492,0.62246,0.64785,9784759.0
2024-03-25 00:00:00+00:00,0.64785,0.66908,0.63709,0.658,13212036.0
2024-03-26 00:00:00+00:00,0.658,0.6849,0.65239,0.66629,14053175.0
2024-03-27 00:00:00+00:00,0.66629,0.67224,0.63121,0.64827,17304111.0
2024-03-28 00:00:00+00:00,0.64827,0.6591,0.63622,0.65188,12954967.0
2024-03-29 00:00:00+00:00,0.65188,0.66947,0.636,0.66515,15345866.0
2024-03-30 00:00:00+00:00,0.66515,0.67069,0.64256,0.64453,10709253.0
2024-03-31 00:00:00+00:00,0.64453,0.65527,0.64311,0.65119,7364939.0
2024-04-01 00:00:00+00:00,0.65119,0.65245,0.60509,0.62137,18910784.0
2024-04-02 00:00:00+00:00,0.62137,0.62193,0.572,0.58143,15839122.0
2024-04-03 00:00:00+00:00,0.58143,0.59525,0.56274,0.56984,9929591.0
2024-04-04 00:00:00+00:00,0.56984,0.59728,0.559,0.58349,13822899.0
2024-04-05 00:00:00+00:00,0.58349,0.58515,0.55915,0.57439,11570302.0
2024-04-06 00:00:00+00:00,0.57439,0.58975,0.57139,0.58403,7249580.0
2024-04-07 00:00:00+00:00,0.58403,0.59726,0.58136,0.5896,9349941.0
2024-04-08 00:00:00+00:00,0.5896,0.61688,0.57962,0.61418,16497812.0
2024-04-09 00:00:00+00:00,0.61418,0.62473,0.59028,0.59187,23814934.0
2024-04-10 00:00:00+00:00,0.59187,0.59433,0.55713,0.5868,16595094.0
2024-04-11 00:00:00+00:00,0.5868,0.5946,0.57498,0.58565,12824230.0
2024-04-12 00:00:00+00:00,0.58565,0.59261,0.435,0.50275,52177225.0
2024-04-13 00:00:00+00:00,0.50275,0.51618,0.395,0.44481,39857411.0
2024-04-14 00:00:00+00:00,0.44481,0.47774,0.43186,0.46753,24101180.0
2024-04-15 00:00:00+00:00,0.46753,0.49473,0.43861,0.46075,22854983.0
2024-04-16 00:00:00+00:00,0.46075,0.47779,0.43887,0.45789,16099747.0
2024-04-17 00:00:00+00:00,0.45789,0.46512,0.42674,0.44391,15400074.0
2024-04-18 00:00:00+00:00,0.44391,0.46048,0.43393,0.45754,11404026.0
2024-04-19 00:00:00+00:00,0.45754,0.47561,0.42183,0.46776,16969573.0
2024-04-20 00:00:00+00:00,0.46776,0.50798,0.46385,0.50706,22534397.0
2024-04-21 00:00:00+00:00,0.50706,0.51288,0.48654,0.49898,15260828.0
2024-04-22 00:00:00+00:00,0.49898,0.52216,0.4946,0.51637,12509469.0
2024-04-23 00:00:00+00:00,0.51637,0.52116,0.49698,0.49997,12712582.0
2024-04-24 00:00:00+00:00,0.49997,0.51051,0.4683,0.47439,17948418.0
2024-04-25 00:00:00+00:00,0.47439,0.47921,0.46198,0.47013,11319512.0
2024-04-26 00:00:00+00:00,0.47013,0.47811,0.46005,0.46278,9495017.0
2024-04-27 00:00:00+00:00,0.46278,0.46964,0.44368,0.4666,10003844.0
2024-04-28 00:00:00+00:00,0.4666,0.47745,0.45766,0.4596,6123951.0
2024-04-29 00:00:00+00:00,0.4596,0.46333,0.44583,0.45636,10754195.0
2024-04-30 00:00:00+00:00,0.45636,0.46247,0.425,0.44079,16281329.0
2024-05-01 00:00:00+00:00,0.44079,0.45714,0.41802,0.44969,22656410.0
2024-05-02 00:00:00+00:00,0.44969,0.46187,0.43789,0.45764,14940166.0
2024-05-03 00:00:00+00:00,0.45764,0.47346,0.44573,0.46677,14591074.0
2024-05-04 00:00:00+00:00,0.46677,0.47589,0.46176,0.46317,11996140.0
2024-05-05 00:00:00+00:00,0.46317,0.46605,0.45174,0.45776,11273119.0
2024-05-06 00:00:00+00:00,0.45776,0.4756,0.45043,0.45357,22582177.0
2024-05-07 00:00:00+00:00,0.45357,0.45604,0.44,0.44075,13357714.0
2024-05-08 00:00:00+00:00,0.44075,0.46836,0.43559,0.45155,27298592.0
2024-05-09 00:00:00+00:00,0.45155,0.46427,0.4467,0.46334,17648263.0
2024-05-10 00:00:00+00:00,0.46334,0.46857,0.44262,0.44751,13393049.0
2024-05-11 00:00:00+00:00,0.44751,0.45068,0.43736,0.43855,8991388.0
2024-05-12 00:00:00+00:00,0.43855,0.44323,0.43271,0.43771,7586383.0
2024-05-13 00:00:00+00:00,0.43771,0.45243,0.425,0.43654,18142958.0
2024-05-14 00:00:00+00:00,0.43654,0.43851,0.42504,0.4283,12733392.0
2024-05-15 00:00:00+00:00,0.4283,0.45465,0.42584,0.45212,14213729.0
2024-05-16 00:00:00+00:00,0.45212,0.4625,0.44772,0.45931,14646221.0
2024-05-17 00:00:00+00:00,0.45931,0.4905,0.45481,0.48203,23856078.0
2024-05-18 00:00:00+00:00,0.48203,0.48589,0.47528,0.48215,9971611.0
2024-05-19 00:00:00+00:00,0.48215,0.48364,0.4639,0.4666,9358973.0
2024-05-20 00:00:00+00:00,0.4666,0.50324,0.46006,0.50188,21485042.0
2024-05-21 00:00:00+00:00,0.50188,0.51059,0.49072,0.49473,21930727.0
2024-05-22 00:00:00+00:00,0.49473,0.49563,0.47404,0.48393,21930194.0
2024-05-23 00:00:00+00:00,0.48393,0.48868,0.44275,0.4656,36114611.0
2024-05-24 00:00:00+00:00,0.4656,0.46994,0.45358,0.46024,10174177.0
2024-05-25 00:00:00+00:00,0.46024,0.46513,0.45731,0.46227,7643784.0
2024-05-26 00:00:00+00:00,0.46227,0.4629,0.45447,0.45842,10020050.0
2024-05-27 00:00:00+00:00,0.45842,0.47518,0.45666,0.46883,16650969.0
2024-05-28 00:00:00+00:00,0.46883,0.4698,0.45124,0.45752,20534922.0
2024-05-29 00:00:00+00:00,0.45752,0.46409,0.4503,0.45143,15297407.0
2024-05-30 00:00:00+00:00,0.45143,0.45569,0.44313,0.44616,19202806.0
2024-05-31 00:00:00+00:00,0.44616,0.45578,0.4435,0.44715,12745547.0
2024-06-01 00:00:00+00:00,0.44715,0.45387,0.44509,0.45001,6901591.0
2024-06-02 00:00:00+00:00,0.45001,0.45393,0.44055,0.44649,10857925.0
2024-06-03 00:00:00+00:00,0.44649,0.46299,0.44355,0.45742,11630972.0
2024-06-04 00:00:00+00:00,0.45742,0.46549,0.45252,0.46182,25623630.0
2024-06-05 00:00:00+00:00,0.46182,0.4655,0.4571,0.46131,13597027.0
2024-06-06 00:00:00+00:00,0.46131,0.4625,0.45044,0.45803,17263473.0
2024-06-07 00:00:00+00:00,0.45803,0.4911,0.4224,0.44929,56422693.0
2024-06-08 00:00:00+00:00,0.44929,0.44929,0.43127,0.43646,17410341.0
2024-06-09 00:00:00+00:00,0.43646,0.446,0.432,0.44405,10668328.0
2024-06-10 00:00:00+00:00,0.44405,0.45135,0.43422,0.4406,20282666.0
2024-06-11 00:00:00+00:00,0.4406,0.4413,0.4124,0.42186,23405979.0
2024-06-12 00:00:00+00:00,0.42186,0.44439,0.41404,0.43741,17982467.0
2024-06-13 00:00:00+00:00,0.43741,0.43916,0.41885,0.42089,12868486.0
2024-06-14 00:00:00+00:00,0.42089,0.42478,0.3976,0.41126,16068999.0
2024-06-15 00:00:00+00:00,0.41126,0.41536,0.40723,0.41386,7877399.0
2024-06-16 00:00:00+00:00,0.41386,0.41888,0.40865,0.41687,6191330.0
2024-06-17 00:00:00+00:00,0.41687,0.42041,0.38949,0.40092,24923405.0
2024-06-18 00:00:00+00:00,0.40092,0.40246,0.35541,0.38351,32171772.0
2024-06-19 00:00:00+00:00,0.38351,0.39754,0.37942,0.38398,11017111.0
2024-06-20 00:00:00+00:00,0.38398,0.39678,0.37713,0.38398,12474102.0
2024-06-21 00:00:00+00:00,0.38398,0.39049,0.37355,0.37569,10563534.0
2024-06-22 00:00:00+00:00,0.37569,0.39026,0.37067,0.38414,18932579.0
2024-06-23 00:00:00+00:00,0.38414,0.3927,0.37789,0.37986,11337012.0
2024-06-24 00:00:00+00:00,0.37986,0.3811,0.36045,0.37742,16027444.0
2024-06-25 00:00:00+00:00,0.37742,0.3968,0.37652,0.39119,10988991.0
2024-06-26 00:00:00+00:00,0.39119,0.39562,0.38187,0.38448,17666730.0
2024-06-27 00:00:00+00:00,0.38448,0.39395,0.37719,0.39112,10858023.0
2024-06-28 00:00:00+00:00,0.39112,0.39648,0.38456,0.38557,23806589.0
2024-06-29 00:00:00+00:00,0.38557,0.40376,0.38273,0.38362,19589115.0
2024-06-30 00:00:00+00:00,0.38362,0.39393,0.3782,0.39172,18272031.0
2024-07-01 00:00:00+00:00,0.39172,0.40788,0.3911,0.40263,23776524.0
2024-07-02 00:00:00+00:00,0.40263,0.4197,0.40245,0.41804,21898401.0
2024-07-03 00:00:00+00:00,0.41804,0.42353,0.39942,0.40647,25282125.0
2024-07-04 00:00:00+00:00,0.40647,0.41361,0.36124,0.36195,31896307.0
2024-07-05 00:00:00+00:00,0.36195,0.36214,0.31614,0.34955,50357717.0
2024-07-06 00:00:00+00:00,0.34955,0.37309,0.3461,0.3702,20797966.0
2024-07-07 00:00:00+00:00,0.3702,0.37084,0.34426,0.34625,27333902.0
2024-07-08 00:00:00+00:00,0.34625,0.3795,0.32987,0.36845,39570179.0
2024-07-09 00:00:00+00:00,0.36845,0.38049,0.36205,0.37517,13474028.0
2024-07-10 00:00:00+00:00,0.37517,0.38981,0.37118,0.38801,15220100.0
2024-07-11 00:00:00+00:00,0.38801,0.40473,0.38418,0.39554,20753928.0
2024-07-12 00:00:00+00:00,0.39554,0.41767,0.39295,0.41606,24746952.0
2024-07-13 00:00:00+00:00,0.41606,0.44604,0.411,0.4412,32547667.0
2024-07-14 00:00:00+00:00,0.4412,0.4445,0.42436,0.43118,31195423.0
2024-07-15 00:00:00+00:00,0.43118,0.44529,0.43039,0.44451,31753122.0
2024-07-16 00:00:00+00:00,0.44451,0.4525,0.42582,0.43759,27290300.0
2024-07-17 00:00:00+00:00,0.43759,0.4559,0.43501,0.4354,20466143.0
2024-07-18 00:00:00+00:00,0.4354,0.44968,0.41963,0.42297,24343052.0
2024-07-19 00:00:00+00:00,0.42297,0.44243,0.41429,0.43841,22818642.0
2024-07-20 00:00:00+00:00,0.43841,0.44189,0.42703,0.4372,15431859.0
2024-07-21 00:00:00+00:00,0.4372,0.4481,0.41586,0.44661,19474926.0
2024-07-22 00:00:00+00:00,0.44661,0.4501,0.42317,0.42605,18297228.0
2024-07-23 00:00:00+00:00,0.42605,0.42933,0.40215,0.40945,16970184.0
2024-07-24 00:00:00+00:00,0.40945,0.42105,0.40333,0.40604,21107850.0
2024-07-25 00:00:00+00:00,0.40604,0.40806,0.38123,0.39469,19865628.0
2024-07-26 00:00:00+00:00,0.39469,0.4196,0.39423,0.41677,14013704.0
2024-07-27 00:00:00+00:00,0.41677,0.42902,0.41178,0.41718,14146143.0
2024-07-28 00:00:00+00:00,0.41718,0.42044,0.40385,0.40705,11541630.0
2024-07-29 00:00:00+00:00,0.40705,0.4271,0.4026,0.40295,18205644.0
2024-07-30 00:00:00+00:00,0.40295,0.40749,0.39331,0.40123,18668692.0
2024-07-31 00:00:00+00:00,0.40123,0.40747,0.38669,0.38765,17816430.0
2024-08-01 00:00:00+00:00,0.38765,0.3956,0.36752,0.39235,24405902.0
2024-08-02 00:00:00+00:00,0.39235,0.39487,0.3576,0.36327,21510449.0
2024-08-03 00:00:00+00:00,0.36327,0.37266,0.34817,0.36456,20295739.0
2024-08-04 00:00:00+00:00,0.36456,0.3672,0.33344,0.34387,21848906.0
2024-08-05 00:00:00+00:00,0.34387,0.34565,0.275,0.31155,56178976.0
2024-08-06 00:00:00+00:00,0.31155,0.33628,0.31095,0.3302,12396393.0
2024-08-07 00:00:00+00:00,0.3302,0.3402,0.3157,0.3235,14033392.0
2024-08-08 00:00:00+00:00,0.3235,0.3532,0.3182,0.3512,17372711.0
2024-08-09 00:00:00+00:00,0.3512,0.3539,0.3357,0.3481,16041512.0
2024-08-10 00:00:00+00:00,0.3481,0.3522,0.3437,0.3456,6652517.0
2024-08-11 00:00:00+00:00,0.3456,0.3563,0.3263,0.3272,11662533.0
2024-08-12 00:00:00+00:00,0.3272,0.3441,0.3259,0.3386,9813245.0
2024-08-13 00:00:00+00:00,0.3386,0.3443,0.3299,0.3396,10085835.0
2024-08-14 00:00:00+00:00,0.3396,0.3453,0.3306,0.335,10386772.0
2024-08-15 00:00:00+00:00,0.335,0.3412,0.32,0.3244,12735613.0
2024-08-16 00:00:00+00:00,0.3244,0.3448,0.3201,0.3301,27847072.0
2024-08-17 00:00:00+00:00,0.3301,0.3384,0.3271,0.3367,11151112.0
2024-08-18 00:00:00+00:00,0.3367,0.3397,0.3322,0.3339,10853135.0
2024-08-19 00:00:00+00:00,0.3339,0.3374,0.3275,0.336,16516684.0
2024-08-20 00:00:00+00:00,0.336,0.348,0.3347,0.343,12565570.0
2024-08-21 00:00:00+00:00,0.343,0.377,0.3418,0.3685,24372156.0
2024-08-22 00:00:00+00:00,0.3685,0.3769,0.3636,0.3755,14764818.0
2024-08-23 00:00:00+00:00,0.3755,0.3923,0.3733,0.3913,23394154.0
2024-08-24 00:00:00+00:00,0.3913,0.4013,0.3872,0.3933,14598477.0
2024-08-25 00:00:00+00:00,0.3933,0.3939,0.377,0.3847,9646890.0
2024-08-26 00:00:00+00:00,0.3847,0.3876,0.3658,0.3659,13713807.0
2024-08-27 00:00:00+00:00,0.3659,0.3728,0.3407,0.35,19576845.0
2024-08-28 00:00:00+00:00,0.35,0.3602,0.3403,0.3496,20577364.0
2024-08-29 00:00:00+00:00,0.3496,0.3669,0.3487,0.3576,19557251.0
2024-08-30 00:00:00+00:00,0.3576,0.3617,0.3365,0.3467,23507681.0
2024-08-31 00:00:00+00:00,0.3467,0.3502,0.3443,0.3443,7509156.0
2024-09-01 00:00:00+00:00,0.3443,0.3457,0.3262,0.331,16362881.0
2024-09-02 00:00:00+00:00,0.331,0.3371,0.3246,0.3358,14342236.0
2024-09-03 00:00:00+00:00,0.3358,0.3396,0.3172,0.3183,18575546.0
2024-09-04 00:00:00+00:00,0.3183,0.329,0.3044,0.3229,40363358.0
2024-09-05 00:00:00+00:00,0.3229,0.3395,0.319,0.3248,34381717.0
2024-09-06 00:00:00+00:00,0.3248,0.3314,0.3028,0.3145,31396821.0
2024-09-07 00:00:00+00:00,0.3145,0.3275,0.3142,0.3249,13146628.0
2024-09-08 00:00:00+00:00,0.3249,0.3406,0.3233,0.3385,22238312.0
2024-09-09 00:00:00+00:00,0.3385,0.3486,0.3369,0.343,21987723.0
2024-09-10 00:00:00+00:00,0.343,0.3454,0.337,0.3426,16021027.0
2024-09-11 00:00:00+00:00,0.3426,0.3568,0.3294,0.3526,21155697.0
2024-09-12 00:00:00+00:00,0.3526,0.3613,0.3514,0.356,28283218.0
2024-09-13 00:00:00+00:00,0.356,0.3648,0.35,0.3601,20276739.0
2024-09-14 00:00:00+00:00,0.3601,0.3612,0.3507,0.3539,8860864.0
2024-09-15 00:00:00+00:00,0.3539,0.356,0.3338,0.3381,20754013.0
2024-09-16 00:00:00+00:00,0.3381,0.3381,0.326,0.3298,18495521.0
2024-09-17 00:00:00+00:00,0.3298,0.3427,0.3279,0.3334,20356197.0
2024-09-18 00:00:00+00:00,0.3334,0.344,0.3269,0.3438,21885143.0
2024-09-19 00:00:00+00:00,0.3438,0.356,0.3437,0.3506,24776190.0
2024-09-20 00:00:00+00:00,0.3506,0.3608,0.3483,0.3519,18867605.0
2024-09-21 00:00:00+00:00,0.3519,0.3595,0.35,0.358,20503142.0
2024-09-22 00:00:00+00:00,0.358,0.3591,0.3422,0.3512,19064405.0
2024-09-23 00:00:00+00:00,0.3512,0.3658,0.3449,0.3633,31191039.0
2024-09-24 00:00:00+00:00,0.3633,0.3914,0.3583,0.3874,42030800.0
2024-09-25 00:00:00+00:00,0.3874,0.3939,0.3789,0.3812,29318865.0
2024-09-26 00:00:00+00:00,0.3812,0.4038,0.3779,0.4014,30202623.0
2024-09-27 00:00:00+00:00,0.4014,0.4157,0.3992,0.4017,41705832.0
2024-09-28 00:00:00+00:00,0.4017,0.4058,0.3918,0.4005,21574018.0
2024-09-29 00:00:00+00:00,0.4005,0.4039,0.3924,0.3976,14430879.0
2024-09-30 00:00:00+00:00,0.3976,0.3976,0.3706,0.3732,28304664.0
2024-10-01 00:00:00+00:00,0.3732,0.3859,0.3423,0.3521,51122370.0
2024-10-02 00:00:00+00:00,0.3521,0.3625,0.3355,0.3428,30178872.0
2024-10-03 00:00:00+00:00,0.3428,0.3494,0.3315,0.345,28322373.0
2024-10-04 00:00:00+00:00,0.345,0.356,0.3427,0.3513,18375358.0
2024-10-05 00:00:00+00:00,0.3513,0.3555,0.3453,0.3509,10379411.0
2024-10-06 00:00:00+00:00,0.3509,0.3582,0.3477,0.3571,11777396.0
2024-10-07 00:00:00+00:00,0.3571,0.3682,0.35,0.351,29602239.0
2024-10-08 00:00:00+00:00,0.351,0.3569,0.3407,0.3446,18048504.0
2024-10-09 00:00:00+00:00,0.3446,0.3477,0.3336,0.3392,22041463.0
2024-10-10 00:00:00+00:00,0.3392,0.3416,0.3311,0.3394,16574978.0
2024-10-11 00:00:00+00:00,0.3394,0.3547,0.3381,0.3514,14676211.0
2024-10-12 00:00:00+00:00,0.3514,0.3567,0.3507,0.3529,10500340.0
2024-10-13 00:00:00+00:00,0.3529,0.3595,0.3441,0.3485,16471569.0
2024-10-14 00:00:00+00:00,0.3485,0.3654,0.3423,0.3643,25389335.0
2024-10-15 00:00:00+00:00,0.3643,0.371,0.3474,0.3589,41448899.0
2024-10-16 00:00:00+00:00,0.3589,0.361,0.3508,0.3522,15877002.0
2024-10-17 00:00:00+00:00,0.3522,0.355,0.339,0.343,38657908.0
2024-10-18 00:00:00+00:00,0.343,0.353,0.3425,0.3506,21849786.0
2024-10-19 00:00:00+00:00,0.3506,0.357,0.3489,0.3513,12984368.0
2024-10-20 00:00:00+00:00,0.3513,0.3658,0.3481,0.3649,18922534.0
2024-10-21 00:00:00+00:00,0.3649,0.3728,0.3532,0.3608,41382707.0
2024-10-22 00:00:00+00:00,0.3608,0.3682,0.3551,0.3642,29746645.0
2024-10-23 00:00:00+00:00,0.3642,0.3692,0.342,0.3496,25872507.0
2024-10-24 00:00:00+00:00,0.3496,0.355,0.3395,0.3465,33196227.0
2024-10-25 00:00:00+00:00,0.3465,0.3472,0.3129,0.3259,101927996.0
2024-10-26 00:00:00+00:00,0.3259,0.3349,0.3203,0.3335,22265918.0
2024-10-27 00:00:00+00:00,0.3335,0.3424,0.3307,0.3397,8233986.0
2024-10-28 00:00:00+00:00,0.3397,0.3477,0.3302,0.3435,25329516.0
2024-10-29 00:00:00+00:00,0.3435,0.3571,0.343,0.3561,20257550.0
2024-10-30 00:00:00+00:00,0.3561,0.3639,0.3507,0.355,26070673.0
2024-10-31 00:00:00+00:00,0.355,0.3615,0.3403,0.3416,23637470.0
2024-11-01 00:00:00+00:00,0.3416,0.3621,0.3339,0.3574,35598939.0
2024-11-02 00:00:00+00:00,0.3574,0.3639,0.3452,0.3481,26669122.0
2024-11-03 00:00:00+00:00,0.3481,0.3481,0.3272,0.3339,34825964.0
2024-11-04 00:00:00+00:00,0.3339,0.3365,0.3201,0.3262,29497167.0
2024-11-05 00:00:00+00:00,0.3262,0.338,0.3258,0.3333,21520485.0
2024-11-06 00:00:00+00:00,0.3333,0.3659,0.3333,0.3631,37414961.0
2024-11-07 00:00:00+00:00,0.3631,0.407,0.3616,0.407,58506751.0
2024-11-08 00:00:00+00:00,0.407,0.4592,0.404,0.4447,163949806.0
2024-11-09 00:00:00+00:00,0.4447,0.4992,0.4274,0.4971,67363957.0
2024-11-10 00:00:00+00:00,0.4971,0.6598,0.4882,0.5911,396345177.0
2024-11-11 00:00:00+00:00,0.5911,0.6251,0.5648,0.6139,208684128.0
2024-11-12 00:00:00+00:00,0.6139,0.6556,0.5548,0.5713,207259607.0
2024-11-13 00:00:00+00:00,0.5713,0.6107,0.5192,0.5787,118058454.0
2024-11-14 00:00:00+00:00,0.5787,0.6007,0.5421,0.5793,83337399.0
2024-11-15 00:00:00+00:00,0.5793,0.7081,0.5753,0.7077,195376144.0
2024-11-16 00:00:00+00:00,0.7077,0.8196,0.7029,0.7426,225042017.0
2024-11-17 00:00:00+00:00,0.7426,0.7733,0.6913,0.7031,91189104.0
2024-11-18 00:00:00+00:00,0.7031,0.785,0.7012,0.7332,118056317.0
2024-11-19 00:00:00+00:00,0.7332,0.7655,0.7201,0.739,62655325.0
2024-11-20 00:00:00+00:00,0.739,0.8491,0.7386,0.8003,204161785.0
2024-11-21 00:00:00+00:00,0.8003,0.825,0.7664,0.8224,159666811.0
2024-11-22 00:00:00+00:00,0.8224,1.0443,0.8132,1.0184,292166314.0
2024-11-23 00:00:00+00:00,1.0184,1.1574,1.0163,1.0673,249355590.0
2024-11-24 00:00:00+00:00,1.0673,1.0996,0.9412,1.0228,147937937.0
2024-11-25 00:00:00+00:00,1.0228,1.0786,0.9306,0.9445,131222931.0
2024-11-26 00:00:00+00:00,0.9445,0.991,0.8752,0.9604,167569789.0
2024-11-27 00:00:00+00:00,0.9604,1.0422,0.932,1.0127,105931733.0
2024-11-28 00:00:00+00:00,1.0127,1.05,0.9703,1.0323,84592059.0
2024-11-29 00:00:00+00:00,1.0323,1.1,1.0286,1.0762,110780635.0
2024-11-30 00:00:00+00:00,1.0762,1.1517,1.0512,1.0795,113456024.0
2024-12-01 00:00:00+00:00,1.0795,1.1652,1.0379,1.1511,100220163.0
2024-12-02 00:00:00+00:00,1.1511,1.2445,1.0574,1.2042,258034180.0
2024-12-03 00:00:00+00:00,1.2042,1.3281,1.14,1.1925,193094939.0
2024-12-04 00:00:00+00:00,1.1925,1.2437,1.1421,1.1868,110271116.0
2024-12-05 00:00:00+00:00,1.1868,1.2467,1.117,1.1605,109769618.0
2024-12-06 00:00:00+00:00,1.1605,1.2388,1.1343,1.2289,66749390.0
2024-12-07 00:00:00+00:00,1.2289,1.2382,1.1889,1.2113,49542395.0
2024-12-08 00:00:00+00:00,1.2113,1.2265,1.1734,1.1949,61943225.0
2024-12-09 00:00:00+00:00,1.1949,1.1949,0.8952,1.0036,203056242.0
2024-12-10 00:00:00+00:00,1.0036,1.0383,0.9096,1.0213,128895905.0
2024-12-11 00:00:00+00:00,1.0213,1.1147,0.9721,1.0859,61974516.0
2024-12-12 00:00:00+00:00,1.0859,1.182,1.0724,1.1236,71742532.0
2024-12-13 00:00:00+00:00,1.1236,1.1312,1.0773,1.1205,56598481.0
2024-12-14 00:00:00+00:00,1.1205,1.1335,1.043,1.0601,36753335.0
2024-12-15 00:00:00+00:00,1.0601,1.1126,1.0382,1.0996,51763580.0
2024-12-16 00:00:00+00:00,1.0996,1.1213,1.0467,1.0777,65678398.0
2024-12-17 00:00:00+00:00,1.0777,1.1118,1.0413,1.0512,73748630.0
2024-12-18 00:00:00+00:00,1.0512,1.0601,0.952,0.9684,91186163.0
2024-12-19 00:00:00+00:00,0.9684,0.989,0.8464,0.8804,129868946.0
2024-12-20 00:00:00+00:00,0.8804,0.958,0.7617,0.9493,145958523.0
2024-12-21 00:00:00+00:00,0.9493,0.9972,0.886,0.904,73820391.0
2024-12-22 00:00:00+00:00,0.904,0.9243,0.8582,0.8832,46581263.0
2024-12-23 00:00:00+00:00,0.8832,0.9421,0.862,0.9263,55944479.0
2024-12-24 00:00:00+00:00,0.9263,0.9497,0.8909,0.9359,52563295.0
2024-12-25 00:00:00+00:00,0.9359,0.9399,0.8997,0.9173,28853224.0
2024-12-26 00:00:00+00:00,0.9173,0.9277,0.8502,0.8601,40681124.0
2024-12-27 00:00:00+00:00,0.8601,0.914,0.8547,0.8766,38889126.0
2024-12-28 00:00:00+00:00,0.8766,0.8998,0.8658,0.8894,24597749.0
2024-12-29 00:00:00+00:00,0.8894,0.9123,0.8508,0.8582,32645684.0
2024-12-30 00:00:00+00:00,0.8582,0.9042,0.8289,0.8609,41911516.0
2024-12-31 00:00:00+00:00,0.8609,0.8788,0.8394,0.8447,23876533.0
2025-01-01 00:00:00+00:00,0.8447,0.9356,0.8375,0.922,40681726.0
2025-01-02 00:00:00+00:00,0.922,0.9824,0.9218,0.9616,65066195.0
2025-01-03 00:00:00+00:00,0.9616,1.1192,0.9564,1.0897,164938952.0
2025-01-04 00:00:00+00:00,1.0897,1.1148,1.0559,1.0702,70663611.0
2025-01-05 00:00:00+00:00,1.0702,1.1125,1.0522,1.0911,79962778.0
2025-01-06 00:00:00+00:00,1.0911,1.1165,1.0616,1.0935,81838123.0
2025-01-07 00:00:00+00:00,1.0935,1.1522,0.9875,0.9893,149074271.0
2025-01-08 00:00:00+00:00,0.9893,1.0237,0.9083,0.9463,127182628.0
2025-01-09 00:00:00+00:00,0.9463,0.9598,0.8786,0.9043,91254414.0
2025-01-10 00:00:00+00:00,0.9043,0.9738,0.9038,0.9294,102178448.0
2025-01-11 00:00:00+00:00,0.9294,1.0171,0.9129,0.9947,63063384.0
2025-01-12 00:00:00+00:00,0.9947,1.036,0.9612,0.9677,82723868.0
2025-01-13 00:00:00+00:00,0.9677,0.9933,0.8757,0.944,111482267.0
2025-01-14 00:00:00+00:00,0.944,1.0107,0.9374,0.997,63089192.0
2025-01-15 00:00:00+00:00,0.997,1.0896,0.9873,1.0758,128238000.0
2025-01-16 00:00:00+00:00,1.0758,1.1453,1.027,1.0889,111979979.0
2025-01-17 00:00:00+00:00,1.0889,1.1665,1.0851,1.1323,87906008.0
2025-01-18 00:00:00+00:00,1.1323,1.1464,1.0483,1.1047,79829332.0
2025-01-19 00:00:00+00:00,1.1047,1.1523,0.9625,0.9923,140712018.0
2025-01-20 00:00:00+00:00,0.9923,1.1015,0.9609,1.0089,113253303.0
2025-01-21 00:00:00+00:00,1.0089,1.0287,0.9511,1.0056,60679963.0
2025-01-22 00:00:00+00:00,1.0056,1.0199,0.9757,0.982,45961178.0
2025-01-23 00:00:00+00:00,0.982,1.0117,0.9515,0.9864,50687165.0
2025-01-24 00:00:00+00:00,0.9864,1.0098,0.9626,0.9713,46802937.0
2025-01-25 00:00:00+00:00,0.9713,0.9916,0.964,0.9761,19108304.0
2025-01-26 00:00:00+00:00,0.9761,1.0001,0.9511,0.9527,32790317.0
2025-01-27 00:00:00+00:00,0.9527,0.9582,0.8564,0.9343,74418527.0
2025-01-28 00:00:00+00:00,0.9343,0.968,0.9027,0.9164,55481977.0
2025-01-29 00:00:00+00:00,0.9164,0.9598,0.9012,0.9395,49793633.0
2025-01-30 00:00:00+00:00,0.9395,0.9881,0.936,0.9597,40929010.0
2025-01-31 00:00:00+00:00,0.9597,0.9834,0.9342,0.942,55632959.0
2025-02-01 00:00:00+00:00,0.942,0.9569,0.8867,0.8941,38362518.0
2025-02-02 00:00:00+00:00,0.8941,0.9106,0.7508,0.8038,102662691.0
2025-02-03 00:00:00+00:00,0.8038,0.8244,0.5093,0.8123,437700620.0
2025-02-04 00:00:00+00:00,0.8123,0.8192,0.7148,0.7436,135617053.0
2025-02-05 00:00:00+00:00,0.7436,0.7763,0.7244,0.7316,55254671.0
2025-02-06 00:00:00+00:00,0.7316,0.7654,0.6968,0.705,70693913.0
2025-02-07 00:00:00+00:00,0.705,0.7528,0.6899,0.707,72249812.0
2025-02-08 00:00:00+00:00,0.707,0.7163,0.6812,0.7003,30032364.0
2025-02-09 00:00:00+00:00,0.7003,0.7153,0.6501,0.6812,45228901.0
2025-02-10 00:00:00+00:00,0.6812,0.7249,0.6628,0.7117,49633628.0
2025-02-12 00:00:00+00:00,0.7778,0.808,0.7459,0.7994,121552739.0
2025-02-13 00:00:00+00:00,0.7994,0.8303,0.7689,0.8099,71056031.0
2025-02-14 00:00:00+00:00,0.8099,0.8289,0.7888,0.799,61914738.0
2025-02-15 00:00:00+00:00,0.799,0.8138,0.7743,0.7805,35382103.0
2025-02-16 00:00:00+00:00,0.7805,0.7884,0.7608,0.7708,33056349.0
2025-02-17 00:00:00+00:00,0.7708,0.8285,0.7699,0.8082,82434584.0
2025-02-18 00:00:00+00:00,0.8082,0.8138,0.7349,0.7537,80223120.0
2025-02-19 00:00:00+00:00,0.7537,0.7758,0.7323,0.773,55150813.0
2025-02-20 00:00:00+00:00,0.773,0.8111,0.7696,0.8032,39737906.0
2025-02-21 00:00:00+00:00,0.8032,0.8182,0.7497,0.7616,56028912.0
2025-02-22 00:00:00+00:00,0.7616,0.784,0.7567,0.7731,30671571.0
2025-02-23 00:00:00+00:00,0.7731,0.788,0.7591,0.7692,34269272.0
2025-02-24 00:00:00+00:00,0.7692,0.7769,0.6694,0.6813,64601730.0
2025-02-25 00:00:00+00:00,0.6813,0.6943,0.6298,0.6827,62294172.0
2025-02-26 00:00:00+00:00,0.6827,0.6951,0.631,0.6471,52088215.0
2025-02-27 00:00:00+00:00,0.6471,0.6795,0.6254,0.6449,38822536.0
2025-02-28 00:00:00+00:00,0.6449,0.6461,0.5798,0.6324,59872833.0
2025-03-01 00:00:00+00:00,0.6324,0.6765,0.6251,0.659,29422152.0
2025-03-02 00:00:00+00:00,0.659,1.1455,0.6443,1.1341,512485514.0
2025-03-03 00:00:00+00:00,1.1341,1.1761,0.8219,0.8569,558768997.0
2025-03-04 00:00:00+00:00,0.8569,0.9556,0.7568,0.9402,405606673.0
2025-03-05 00:00:00+00:00,0.9402,1.0273,0.913,0.9732,294857081.0
2025-03-06 00:00:00+00:00,0.9732,0.9884,0.8851,0.9061,225823035.0
2025-03-07 00:00:00+00:00,0.9061,0.9198,0.8051,0.8174,261620789.0
2025-03-08 00:00:00+00:00,0.8174,0.8388,0.7924,0.8049,127085429.0
2025-03-09 00:00:00+00:00,0.8049,0.8173,0.7084,0.7208,143759765.0
2025-03-10 00:00:00+00:00,0.7208,0.7782,0.6577,0.6708,200699426.0
2025-03-11 00:00:00+00:00,0.6708,0.744,0.6462,0.7237,140382948.0
2025-03-12 00:00:00+00:00,0.7237,0.7691,0.7105,0.7354,124474307.0
2025-03-13 00:00:00+00:00,0.7354,0.7412,0.6902,0.7024,110127830.0
2025-03-14 00:00:00+00:00,0.7024,0.7507,0.6958,0.737,88877694.0
2025-03-15 00:00:00+00:00,0.737,0.76,0.7303,0.7461,51696875.0
2025-03-16 00:00:00+00:00,0.7461,0.7468,0.6931,0.7046,75502280.0
2025-03-17 00:00:00+00:00,0.7046,0.7304,0.7019,0.7173,58526794.0
2025-03-18 00:00:00+00:00,0.7173,0.7189,0.6812,0.7021,65054341.0
2025-03-19 00:00:00+00:00,0.7021,0.7473,0.7006,0.7436,73861572.0
2025-03-20 00:00:00+00:00,0.7436,0.7556,0.7118,0.718,67730109.0
2025-03-21 00:00:00+00:00,0.718,0.728,0.7004,0.7046,41437884.0
2025-03-22 00:00:00+00:00,0.7046,0.716,0.6969,0.7014,29922555.0
2025-03-23 00:00:00+00:00,0.7014,0.7163,0.6916,0.7106,38923427.0
2025-03-24 00:00:00+00:00,0.7106,0.7449,0.7052,0.7321,54433110.0
2025-03-25 00:00:00+00:00,0.7321,0.7668,0.7208,0.7446,68373384.0
2025-03-26 00:00:00+00:00,0.7446,0.7741,0.7192,0.7284,77657222.0
2025-03-27 00:00:00+00:00,0.7284,0.7441,0.7205,0.7384,42166098.0
2025-03-28 00:00:00+00:00,0.7384,0.7462,0.689,0.7057,72168896.0
2025-03-29 00:00:00+00:00,0.7057,0.7119,0.6584,0.6724,58257354.0
2025-03-30 00:00:00+00:00,0.6724,0.6875,0.6509,0.6609,47322666.0
2025-03-31 00:00:00+00:00,0.6609,0.6655,0.6294,0.6613,86496732.0
2025-04-01 00:00:00+00:00,0.6613,0.6944,0.6577,0.6771,68541223.0
2025-04-02 00:00:00+00:00,0.6771,0.7096,0.6346,0.6396,87520492.0
2025-04-03 00:00:00+00:00,0.6396,0.657,0.6123,0.6501,75605306.0
2025-04-04 00:00:00+00:00,0.6501,0.6712,0.6271,0.6601,74382405.0
2025-04-05 00:00:00+00:00,0.6601,0.6672,0.6446,0.6546,31211535.0
2025-04-06 00:00:00+00:00,0.6546,0.6551,0.5594,0.5729,100973513.0
2025-04-07 00:00:00+00:00,0.5729,0.6048,0.5109,0.5853,178896572.0
2025-04-08 00:00:00+00:00,0.5853,0.6196,0.5523,0.5582,95938462.0
2025-04-09 00:00:00+00:00,0.5582,0.6462,0.5365,0.6313,116942702.0
2025-04-10 00:00:00+00:00,0.6313,0.6332,0.5852,0.6089,73029190.0
2025-04-11 00:00:00+00:00,0.6089,0.6448,0.6057,0.6233,69784827.0
2025-04-12 00:00:00+00:00,0.6233,0.667,0.6165,0.6592,44219445.0
2025-04-13 00:00:00+00:00,0.6592,0.6682,0.6285,0.6373,54134676.0
2025-04-14 00:00:00+00:00,0.6373,0.6573,0.6276,0.6349,60915363.0
2025-04-15 00:00:00+00:00,0.6349,0.6484,0.6069,0.6087,65621937.0
2025-04-16 00:00:00+00:00,0.6087,0.624,0.5943,0.6101,60740308.0
2025-04-17 00:00:00+00:00,0.6101,0.6296,0.6086,0.6165,35971335.0
2025-04-18 00:00:00+00:00,0.6165,0.6318,0.61,0.6274,38104179.0
2025-04-19 00:00:00+00:00,0.6274,0.6349,0.6186,0.6275,28570908.0
2025-04-20 00:00:00+00:00,0.6275,0.6346,0.6092,0.6198,35195821.0
2025-04-21 00:00:00+00:00,0.6198,0.6506,0.6157,0.6239,50586403.0
2025-04-22 00:00:00+00:00,0.6239,0.6846,0.6151,0.6791,81747151.0
2025-04-23 00:00:00+00:00,0.6791,0.718,0.6769,0.6975,74473380.0
2025-04-24 00:00:00+00:00,0.6975,0.7452,0.6702,0.7216,64075584.0
2025-04-25 00:00:00+00:00,0.7216,0.733,0.7014,0.7136,76878855.0
2025-04-26 00:00:00+00:00,0.7136,0.7348,0.6992,0.7069,46254089.0
2025-04-27 00:00:00+00:00,0.7069,0.7175,0.6906,0.7031,51025908.0
2025-04-28 00:00:00+00:00,0.7031,0.7288,0.6817,0.7051,62053342.0
2025-04-29 00:00:00+00:00,0.7051,0.7184,0.6888,0.6956,53050348.0
2025-04-30 00:00:00+00:00,0.6956,0.7032,0.664,0.6815,46476064.0
2025-05-01 00:00:00+00:00,0.6815,0.714,0.6815,0.7049,45464041.0
2025-05-02 00:00:00+00:00,0.7049,0.725,0.6883,0.6982,46931258.0
2025-05-03 00:00:00+00:00,0.6982,0.7296,0.6917,0.6995,59581857.0
2025-05-04 00:00:00+00:00,0.6995,0.7146,0.6715,0.6758,51382620.0
2025-05-05 00:00:00+00:00,0.6758,0.6915,0.6533,0.6614,54339910.0
2025-05-06 00:00:00+00:00,0.6614,0.6805,0.642,0.6784,57611557.0
2025-05-07 00:00:00+00:00,0.6784,0.6887,0.6549,0.6711,68055930.0
2025-05-08 00:00:00+00:00,0.6711,0.7709,0.6696,0.77,93857712.0
2025-05-09 00:00:00+00:00,0.77,0.8189,0.7539,0.7785,95703792.0
2025-05-10 00:00:00+00:00,0.7785,0.8445,0.7707,0.8417,83723891.0
2025-05-11 00:00:00+00:00,0.8417,0.8475,0.7817,0.8053,59187264.0
2025-05-12 00:00:00+00:00,0.8053,0.8648,0.7801,0.8175,111540846.0
2025-05-14 00:00:00+00:00,0.831,0.8341,0.7887,0.7988,65708447.0
2025-05-15 00:00:00+00:00,0.7988,0.8104,0.7447,0.7622,106687671.0
2025-05-16 00:00:00+00:00,0.7622,0.7865,0.7503,0.7589,65708515.0
2025-05-17 00:00:00+00:00,0.7589,0.7817,0.7266,0.7425,83323563.0
2025-05-18 00:00:00+00:00,0.7425,0.7768,0.7168,0.7602,92584954.0
2025-05-19 00:00:00+00:00,0.7602,0.7651,0.7102,0.7425,62679189.0
2025-05-20 00:00:00+00:00,0.7425,0.754,0.7226,0.7457,73438501.0
2025-05-21 00:00:00+00:00,0.7457,0.7844,0.7369,0.7692,97521159.0
2025-05-22 00:00:00+00:00,0.7692,0.811,0.7691,0.8101,65752032.0
2025-05-23 00:00:00+00:00,0.8101,0.8421,0.7424,0.7469,136206594.0
2025-05-24 00:00:00+00:00,0.7469,0.767,0.7408,0.7465,43484725.0
2025-05-25 00:00:00+00:00,0.7465,0.7607,0.7278,0.7602,61433595.0
2025-05-26 00:00:00+00:00,0.7602,0.7775,0.7508,0.7607,72803038.0
2025-05-27 00:00:00+00:00,0.7607,0.7758,0.7435,0.7587,55335196.0
2025-05-28 00:00:00+00:00,0.7587,0.7614,0.7323,0.748,49063925.0
2025-05-29 00:00:00+00:00,0.748,0.7653,0.7192,0.722,79898853.0
2025-05-30 00:00:00+00:00,0.722,0.7278,0.6819,0.6885,89676158.0
2025-05-31 00:00:00+00:00,0.6885,0.6948,0.656,0.6854,80356008.0
2025-06-01 00:00:00+00:00,0.6854,0.6879,0.6536,0.6852,64328718.0
2025-06-02 00:00:00+00:00,0.6852,0.6921,0.6634,0.6895,60457376.0
2025-06-03 00:00:00+00:00,0.6895,0.707,0.6735,0.6834,60308096.0
2025-06-04 00:00:00+00:00,0.6834,0.7025,0.6618,0.6654,66257334.0
2025-06-05 00:00:00+00:00,0.6654,0.6896,0.6186,0.6253,105101472.0
2025-06-06 00:00:00+00:00,0.6253,0.6721,0.6207,0.6549,54253365.0
2025-06-07 00:00:00+00:00,0.6549,0.6705,0.6489,0.664,34167776.0
2025-06-08 00:00:00+00:00,0.664,0.6792,0.6516,0.6699,46701956.0
2025-06-09 00:00:00+00:00,0.6699,0.7077,0.6561,0.7046,52817424.0
2025-06-10 00:00:00+00:00,0.7046,0.7207,0.6858,0.7167,70363251.0
2025-06-11 00:00:00+00:00,0.7167,0.7314,0.6905,0.6979,77025550.289
2025-06-12 00:00:00+00:00,0.6979,0.7002,0.6565,0.6613,110844357.1389
2025-06-13 00:00:00+00:00,0.6613,0.6614,0.6167,0.642,119654697.5029
2025-06-14 00:00:00+00:00,0.642,0.6424,0.6127,0.6243,69419831.9871
2025-06-15 00:00:00+00:00,0.6243,0.6353,0.6202,0.6327,49776539.8499
2025-06-16 00:00:00+00:00,0.6327,0.6573,0.6243,0.6299,90625584.0818
2025-06-17 00:00:00+00:00,0.6299,0.642,0.5991,0.6086,108834704.6287
2025-06-18 00:00:00+00:00,0.6086,0.6213,0.5879,0.6038,97431042.0963
2025-06-19 00:00:00+00:00,0.6038,0.6113,0.5897,0.6019,70109495.6593
2025-06-20 00:00:00+00:00,0.6019,0.6066,0.5607,0.5769,122813406.5139
2025-06-21 00:00:00+00:00,0.5769,0.5881,0.5439,0.5558,104137565.3583
2025-06-22 00:00:00+00:00,0.5558,0.5637,0.5091,0.5416,204411006.8691
2025-06-23 00:00:00+00:00,0.5416,0.5858,0.5285,0.5816,154900157.3118
2025-06-24 00:00:00+00:00,0.5816,0.5933,0.5756,0.5873,74922070.9873
2025-06-25 00:00:00+00:00,0.5873,0.5905,0.5628,0.5666,93078091.4539
2025-06-26 00:00:00+00:00,0.5666,0.5814,0.5496,0.5538,96793135.5617
2025-06-27 00:00:00+00:00,0.5538,0.5629,0.5446,0.558,76557145.317
2025-06-28 00:00:00+00:00,0.558,0.5684,0.5549,0.565,50146982.0271
2025-06-29 00:00:00+00:00,0.565,0.5854,0.5544,0.5773,88989070.9155
2025-06-30 00:00:00+00:00,0.5773,0.5903,0.5556,0.572,168637737.2586
2025-07-01 00:00:00+00:00,0.572,0.5762,0.536,0.5415,184692402.7666
2025-07-02 00:00:00+00:00,0.5415,0.5995,0.5384,0.5835,217412178.6506
2025-07-03 00:00:00+00:00,0.5835,0.6109,0.5825,0.5989,176899154.2754
2025-07-04 00:00:00+00:00,0.5989,0.6032,0.5627,0.5723,154506940.2124
2025-07-05 00:00:00+00:00,0.5723,0.583,0.5683,0.5752,82150478.9044
2025-07-06 00:00:00+00:00,0.5752,0.5929,0.5705,0.5854,97926597.6465
2025-07-07 00:00:00+00:00,0.5854,0.5943,0.573,0.5803,142136482.8969
2025-07-08 00:00:00+00:00,0.5803,0.5919,0.572,0.588,142149479.3566
2025-07-09 00:00:00+00:00,0.588,0.6274,0.5838,0.6223,214971380.6495
2025-07-10 00:00:00+00:00,0.6223,0.6803,0.6171,0.6775,306026820.2852
2025-07-11 00:00:00+00:00,0.6775,0.7777,0.668,0.7095,595338354.5074
2025-07-12 00:00:00+00:00,0.7095,0.7374,0.6878,0.7083,239087750.1767
2025-07-13 00:00:00+00:00,0.7083,0.7559,0.7047,0.7363,264480476.6153
2025-07-14 00:00:00+00:00,0.7363,0.768,0.7208,0.7354,320638416.6817
2025-07-15 00:00:00+00:00,0.7354,0.7499,0.7097,0.7471,318266925.78
2025-07-16 00:00:00+00:00,0.7471,0.7859,0.7328,0.7651,280532402.7918
2025-07-17 00:00:00+00:00,0.7651,0.8396,0.7405,0.8225,469676397.777
2025-07-18 00:00:00+00:00,0.8225,0.8971,0.7964,0.8162,514409835.826
2025-07-19 00:00:00+00:00,0.8162,0.8382,0.8018,0.8304,229069694.8287
2025-07-20 00:00:00+00:00,0.8304,0.8795,0.8237,0.8591,300573517.7602
2025-07-21 00:00:00+00:00,0.8591,0.9349,0.8422,0.8903,431817767.8632
2025-07-22 00:00:00+00:00,0.8903,0.9107,0.853,0.9044,432461714.0
2025-07-23 00:00:00+00:00,0.9044,0.9048,0.7854,0.8161,536482278.0
2025-07-24 00:00:00+00:00,0.8161,0.8383,0.7611,0.8056,489456844.0
2025-07-25 00:00:00+00:00,0.8056,0.8189,0.7746,0.8158,300423386.0
2025-07-26 00:00:00+00:00,0.8158,0.8387,0.812,0.8199,146073504.0
2025-07-27 00:00:00+00:00,0.8199,0.8395,0.8144,0.8322,164874094.0
2025-07-28 00:00:00+00:00,0.8322,0.8565,0.786,0.7936,304404792.0
2025-07-29 00:00:00+00:00,0.7936,0.8098,0.7694,0.7828,246320592.0
2025-07-30 00:00:00+00:00,0.7828,0.7897,0.7287,0.763,255722780.0
2025-07-31 00:00:00+00:00,0.763,0.7887,0.7354,0.7389,212699920.0
2025-08-01 00:00:00+00:00,0.7389,0.7409,0.6957,0.7137,301363334.0
2025-08-02 00:00:00+00:00,0.7137,0.7274,0.6836,0.6971,161643900.0
2025-08-03 00:00:00+00:00,0.6971,0.7306,0.6864,0.7266,109986478.0
2025-08-04 00:00:00+00:00,0.7266,0.7588,0.7247,0.7545,190685160.0
2025-08-05 00:00:00+00:00,0.7545,0.7599,0.7131,0.7255,230765096.0
2025-08-06 00:00:00+00:00,0.7255,0.7476,0.7103,0.7413,127319650.0
2025-08-07 00:00:00+00:00,0.7413,0.7885,0.7338,0.7873,208780152.0
2025-08-08 00:00:00+00:00,0.7873,0.807,0.7757,0.7912,264589056.0
2025-08-09 00:00:00+00:00,0.7912,0.8214,0.7895,0.8028,280553226.0
2025-08-10 00:00:00+00:00,0.8028,0.8345,0.7844,0.8014,251756912.0
2025-08-11 00:00:00+00:00,0.8014,0.8338,0.7656,0.7723,288094848.0
2025-08-13 00:00:00+00:00,0.8414,0.9228,0.8335,0.905,427718870.0
2025-08-14 00:00:00+00:00,0.905,1.0204,0.8777,0.9257,1149627235.0
2025-08-15 00:00:00+00:00,0.9257,0.9646,0.9105,0.9457,515344045.8
2025-08-16 00:00:00+00:00,0.9457,0.9777,0.901,0.9205,393169589.8
2025-08-17 00:00:00+00:00,0.9205,0.9873,0.9043,0.9609,369818159.8
2025-08-18 00:00:00+00:00,0.9609,0.9685,0.8914,0.9229,477371232.5
2025-08-19 00:00:00+00:00,0.9229,0.9532,0.8433,0.846,595663530.0
2025-08-20 00:00:00+00:00,0.846,0.8923,0.837,0.8807,789909790.0
2025-08-21 00:00:00+00:00,0.8807,0.8925,0.8462,0.8512,299335664.0
2025-08-22 00:00:00+00:00,0.8512,0.9418,0.8213,0.9318,662986430.0
2025-08-23 00:00:00+00:00,0.9318,0.9392,0.8913,0.9149,294873788.0
2025-08-24 00:00:00+00:00,0.9149,0.9645,0.8882,0.9088,611181484.0
2025-08-25 00:00:00+00:00,0.9088,0.9283,0.8293,0.8371,490411100.0
2025-08-26 00:00:00+00:00,0.8371,0.8748,0.8267,0.8663,295179404.0
2025-08-27 00:00:00+00:00,0.8663,0.8785,0.8468,0.8507,304507582.0
2025-08-28 00:00:00+00:00,0.8507,0.8801,0.8414,0.8576,184087114.0
2025-08-29 00:00:00+00:00,0.8576,0.8665,0.8096,0.8262,442626170.0
2025-08-30 00:00:00+00:00,0.8262,0.8443,0.8044,0.8222,168814560.0
2025-08-31 00:00:00+00:00,0.8222,0.8378,0.8089,0.811,123826680.0
2025-09-01 00:00:00+00:00,0.811,0.8449,0.7812,0.8009,359754436.0
2025-09-02 00:00:00+00:00,0.8009,0.8354,0.7975,0.8348,246522370.0
2025-09-03 00:00:00+00:00,0.8348,0.8433,0.8256,0.8364,151849484.0
2025-09-04 00:00:00+00:00,0.8364,0.8417,0.8026,0.8089,160850955.9036
2025-09-05 00:00:00+00:00,0.8089,0.8494,0.8045,0.8303,194655570.9632
2025-09-06 00:00:00+00:00,0.8303,0.8356,0.8137,0.8181,79527492.0021
2025-09-07 00:00:00+00:00,0.8181,0.8414,0.8178,0.8347,115963674.7149
2025-09-08 00:00:00+00:00,0.8347,0.8689,0.8296,0.8646,165033409.5167
2025-09-09 00:00:00+00:00,0.8646,0.8944,0.8521,0.8645,195640844.8853
2025-09-10 00:00:00+00:00,0.8645,0.8963,0.8588,0.8853,155977090.9093
2025-09-11 00:00:00+00:00,0.8853,0.8981,0.8654,0.894,195392676.3875
2025-09-12 00:00:00+00:00,0.894,0.9183,0.8822,0.9173,169219481.5003
2025-09-13 00:00:00+00:00,0.9173,0.9545,0.9144,0.93,239110262.2723
2025-09-14 00:00:00+00:00,0.93,0.9319,0.8789,0.888,166708121.0362
2025-09-15 00:00:00+00:00,0.888,0.9029,0.8524,0.8635,196658151.5384
2025-09-16 00:00:00+00:00,0.8635,0.8846,0.8533,0.8808,130372171.4597
2025-09-17 00:00:00+00:00,0.8808,0.9206,0.8617,0.9143,210376935.5073
2025-09-18 00:00:00+00:00,0.9143,0.9392,0.8999,0.9252,192629286.1448
2025-09-19 00:00:00+00:00,0.9252,0.9383,0.8861,0.8908,169100907.7752
2025-09-20 00:00:00+00:00,0.8908,0.9068,0.8875,0.8935,87506744.0121
2025-09-21 00:00:00+00:00,0.8935,0.903,0.8756,0.8849,117407191.7632
2025-09-22 00:00:00+00:00,0.8849,0.8884,0.7837,0.8258,323720586.89
2025-09-23 00:00:00+00:00,0.8258,0.8297,0.8031,0.8063,146196576.3387
2025-09-24 00:00:00+00:00,0.8063,0.8304,0.7902,0.8126,124721214.368
2025-09-25 00:00:00+00:00,0.8126,0.8142,0.7538,0.7633,345498567.6849
2025-09-26 00:00:00+00:00,0.7633,0.7961,0.7572,0.7918,209570999.1887
2025-09-27 00:00:00+00:00,0.7918,0.7941,0.776,0.7805,90027745.9592
2025-09-28 00:00:00+00:00,0.7805,0.8117,0.7643,0.8084,146932685.0198
2025-09-29 00:00:00+00:00,0.8084,0.8157,0.7875,0.8059,132298212.3469
2025-09-30 00:00:00+00:00,0.8059,0.813,0.7778,0.8068,123452475.9656
2025-10-01 00:00:00+00:00,0.8068,0.8511,0.7966,0.8505,159287806.9569
2025-10-02 00:00:00+00:00,0.8505,0.8777,0.8358,0.8706,191972103.5943
2025-10-03 00:00:00+00:00,0.8706,0.8926,0.8485,0.8652,183822906.0511
2025-10-04 00:00:00+00:00,0.8652,0.869,0.8331,0.8393,104866812.2592
2025-10-05 00:00:00+00:00,0.8393,0.8825,0.8268,0.837,193390885.8601
2025-10-06 00:00:00+00:00,0.837,0.8811,0.8314,0.8712,165547061.5106
2025-10-07 00:00:00+00:00,0.8712,0.878,0.8167,0.8197,251644848.6073
2025-10-08 00:00:00+00:00,0.8197,0.8514,0.8076,0.8388,139332337.1618
2025-10-09 00:00:00+00:00,0.8388,0.8396,0.7941,0.8152,156282558.221
2025-10-10 00:00:00+00:00,0.8152,0.8243,0.2736,0.6349,769971850.9551
2025-10-11 00:00:00+00:00,0.6349,0.6827,0.6092,0.6313,353487680.5382
2025-10-12 00:00:00+00:00,0.6313,0.7091,0.6174,0.6995,306586357.9438
2025-10-13 00:00:00+00:00,0.6995,0.7355,0.6916,0.7278,303874799.2111
2025-10-14 00:00:00+00:00,0.7278,0.7327,0.6616,0.6984,386565671.0283
2025-10-15 00:00:00+00:00,0.6984,0.7157,0.6569,0.668,204109045.6444
2025-10-16 00:00:00+00:00,0.668,0.6843,0.6327,0.6449,255747336.1981
2025-10-17 00:00:00+00:00,0.6449,0.6556,0.5917,0.6243,266581143.2159
2025-10-18 00:00:00+00:00,0.6243,0.6406,0.6227,0.6341,55810161.0
2025-10-19 00:00:00+00:00,0.6341,0.6648,0.6217,0.6524,75530501.0
2025-10-20 00:00:00+00:00,0.6524,0.6756,0.6389,0.6623,83149029.0
2025-10-21 00:00:00+00:00,0.6623,0.6853,0.6365,0.6423,114465874.0
2025-10-22 00:00:00+00:00,0.6423,0.6463,0.6058,0.6232,116168267.0
2025-10-23 00:00:00+00:00,0.6232,0.6537,0.6225,0.6426,64354234.0
2025-10-24 00:00:00+00:00,0.6426,0.6636,0.6385,0.6557,71805008.0
2025-10-25 00:00:00+00:00,0.6557,0.6589,0.6476,0.6538,33549111.0
2025-10-26 00:00:00+00:00,0.6538,0.688,0.6462,0.6809,62143605.0
2025-10-27 00:00:00+00:00,0.6809,0.6934,0.663,0.6664,74731119.0
2025-10-28 00:00:00+00:00,0.6664,0.6749,0.6349,0.6456,119994361.0
2025-10-29 00:00:00+00:00,0.6456,0.66,0.6244,0.6398,126244787.0
2025-10-30 00:00:00+00:00,0.6398,0.6481,0.5856,0.6014,116201847.0
2025-10-31 00:00:00+00:00,0.6014,0.6197,0.5974,0.6088,80364417.0
2025-11-01 00:00:00+00:00,0.6088,0.6173,0.603,0.6126,33215482.0
2025-11-02 00:00:00+00:00,0.6126,0.6184,0.5917,0.6101,51126458.0
2025-11-03 00:00:00+00:00,0.6101,0.6119,0.5249,0.5522,180967721.0
2025-11-04 00:00:00+00:00,0.5522,0.563,0.4895,0.5205,168650979.0
2025-11-05 00:00:00+00:00,0.5205,0.5503,0.4943,0.545,90897131.0
2025-11-06 00:00:00+00:00,0.545,0.5453,0.5164,0.5316,78092276.0
2025-11-07 00:00:00+00:00,0.5316,0.586,0.5193,0.5759,88814079.0
2025-11-08 00:00:00+00:00,0.5759,0.5928,0.5537,0.5684,68694129.0
2025-11-09 00:00:00+00:00,0.5684,0.5843,0.5474,0.5785,64261342.0
2025-11-10 00:00:00+00:00,0.5785,0.6027,0.5734,0.5925,58023355.0
2025-11-11 00:00:00+00:00,0.5925,0.6067,0.5531,0.5561,66542203.0
2025-11-12 00:00:00+00:00,0.5561,0.5806,0.5389,0.5454,75394586.0
2025-11-13 00:00:00+00:00,0.5454,0.5714,0.5139,0.5296,113259127.0
2025-11-14 00:00:00+00:00,0.5296,0.5332,0.4897,0.4981,130467673.0
2025-11-15 00:00:00+00:00,0.4981,0.5149,0.4976,0.503,58464510.0
2025-11-16 00:00:00+00:00,0.503,0.5092,0.4729,0.4845,149846887.0
2025-11-17 00:00:00+00:00,0.4845,0.4992,0.4573,0.466,122273139.0
2025-11-18 00:00:00+00:00,0.466,0.4822,0.4557,0.475,106659198.0
2025-11-19 00:00:00+00:00,0.475,0.4772,0.4379,0.4638,103621973.0
2025-11-20 00:00:00+00:00,0.4638,0.4719,0.4285,0.4316,113549837.0
2025-11-21 00:00:00+00:00,0.4316,0.4393,0.3873,0.409,206406237.0
2025-11-22 00:00:00+00:00,0.409,0.413,0.3904,0.4043,70906281.0
2025-11-23 00:00:00+00:00,0.4043,0.4154,0.4013,0.4116,44234695.0
